loan_id,amount,duration,payments,status,frequency,has_disponent,gender,ratio_of_urban_inhabitants,average_salary,unemployment_rate,avg_commited_crimes,ratio_entrepreneurs,criminality_growth,unemployment_growth,avg_amount_credit,avg_amount_withdrawal,avg_amount_total,min_amount,max_amount,credit_ratio,num_trans,avg_balance,min_balance,max_balance,std_balance,negative_balance,last_balance_negative,has_card,age_at_loan,days_between,same_district
5895,93960,60,1566,,1,0,1,0.535,8390,2.585,0.026964590525815933,0.132,0.0005390351271224508,0.6100000000000003,12769.22,-5653.016949152542,556.7258426966291,-30000.0,36637.5,0.33707865168539325,89,54520.20224719101,800.0,88246.7,13768.55521374187,0,0,0,34,452,0
5172,50976,36,1416,,1,0,1,0.535,8390,2.585,0.026964590525815933,0.132,0.0005390351271224508,0.6100000000000003,6173.323684210526,-2509.096470588235,173.27723577235778,-19200.0,17388.0,0.3089430894308943,123,28050.29918699187,400.0,48735.9,9147.726880698387,0,0,0,18,496,0
6207,184620,60,3077,,1,0,0,0.535,8390,2.585,0.026964590525815933,0.132,0.0005390351271224508,0.6100000000000003,9867.893023255814,-5504.228571428572,345.3398230088496,-18513.0,27692.0,0.3805309734513274,113,34785.53451327434,1100.0,65517.7,10154.957755537176,0,0,0,34,606,0
7122,260640,36,7240,,1,0,0,0.524,8620,1.175,0.018886986301369865,0.1,0.00047945205479452054,0.1499999999999999,9526.772413793104,-5402.2612244897955,148.27692307692305,-30000.0,41871.0,0.3717948717948718,78,31518.182051282052,-718.6,88731.8,20629.925861099906,1,0,0,47,490,0
7067,136368,24,5682,,1,0,1,0.524,8620,1.175,0.018886986301369865,0.1,0.00047945205479452054,0.1499999999999999,18817.264,-12309.782352941176,879.6440677966101,-46800.0,48627.0,0.423728813559322,59,60593.8406779661,600.0,119446.2,21974.288190104475,0,0,0,28,260,0
6173,232560,48,4845,,0,0,0,0.748,10045,1.565,0.03629717591706719,0.135,-0.0017390227705052733,0.29000000000000004,15302.486046511629,-4603.4060150375935,259.96534090909086,-29100.0,43605.0,0.24431818181818182,176,40175.612499999996,200.0,79286.6,15672.003046986594,0,0,0,57,630,0
6705,333648,48,6951,,1,0,0,0.748,10045,1.565,0.03629717591706719,0.135,-0.0017390227705052733,0.29000000000000004,15476.625581395348,-10475.54074074074,1029.0278350515464,-64800.0,48318.0,0.44329896907216493,97,61748.70206185566,500.0,114446.1,26907.01300851919,0,0,0,21,311,0
5889,321240,60,5354,,1,0,1,0.748,10045,1.565,0.03629717591706719,0.135,-0.0017390227705052733,0.29000000000000004,16692.116363636364,-10876.395061728395,272.635294117647,-39400.0,49368.0,0.40441176470588236,136,76826.46397058823,700.0,141990.0,26697.237226240733,0,0,0,28,524,0
5036,91248,48,1901,,1,0,0,0.748,10045,1.565,0.03629717591706719,0.135,-0.0017390227705052733,0.29000000000000004,10241.312820512821,-6409.073333333334,150.16969696969696,-25400.0,28726.0,0.3939393939393939,99,30173.12424242424,900.0,59725.7,10956.883405561994,0,0,0,25,579,0
6142,221880,60,3698,,1,1,0,0.5529999999999999,8899,3.68,0.03364722659323367,0.149,-0.006146734854445318,0.5800000000000001,11797.642857142857,-4176.74,548.0774647887323,-21200.0,33280.0,0.29577464788732394,71,44440.912676056345,1000.0,74216.8,13853.751836544183,0,0,0,53,311,0
6938,341280,60,5688,,1,0,1,0.5529999999999999,8899,3.68,0.03364722659323367,0.149,-0.006146734854445318,0.5800000000000001,19978.51785714286,-10021.048979591837,887.8844155844157,-56700.0,55628.0,0.36363636363636365,77,49678.36623376624,700.0,110020.6,19137.475493549646,0,0,1,47,406,0
5932,33348,12,2779,,1,0,0,0.5529999999999999,8899,3.68,0.03364722659323367,0.149,-0.006146734854445318,0.5800000000000001,14527.261538461538,-9744.243243243243,272.56825396825406,-42700.0,49787.0,0.4126984126984127,63,45807.11428571429,700.0,102499.5,28832.376207759226,0,0,0,26,368,0
5398,53472,12,4456,,2,1,1,0.5529999999999999,8899,3.68,0.03364722659323367,0.149,-0.006146734854445318,0.5800000000000001,17392.110344827586,-12427.078947368422,479.7343283582089,-63600.0,48562.0,0.43283582089552236,134,64144.50223880597,300.0,172962.5,28468.555790705144,0,0,0,57,617,0
6855,52236,36,1451,,1,1,1,0.5529999999999999,8899,3.68,0.03364722659323367,0.149,-0.006146734854445318,0.5800000000000001,3147.4392156862746,-2461.72,370.62772277227725,-5280.0,12600.0,0.504950495049505,101,33782.061386138615,600.0,48645.0,7816.654293992667,0,0,0,59,444,0
6632,144960,48,3020,,1,0,0,0.5529999999999999,8899,3.68,0.03364722659323367,0.149,-0.006146734854445318,0.5800000000000001,17316.26551724138,-11080.661363636364,200.3095890410959,-58100.0,49815.0,0.3972602739726027,146,64162.669178082186,700.0,144853.8,23329.248678918844,0,0,0,31,601,0
5358,38520,12,3210,,1,0,1,0.591,8388,2.675,0.017339714515103175,0.087,0.00010426767597777013,0.5299999999999998,2736.026923076923,-2069.016129032258,122.75789473684209,-5400.0,8800.0,0.45614035087719296,114,20231.31315789474,900.0,31302.0,4462.7098520155505,0,0,0,57,597,0
5674,207264,48,4318,,0,1,1,0.591,8388,2.675,0.017339714515103175,0.087,0.00010426767597777013,0.5299999999999998,17149.07307692308,-12490.4375,796.2396551724138,-56700.0,48009.0,0.4482758620689655,58,61345.1,400.0,123573.3,28117.508578938265,0,0,0,34,281,0
5384,23328,12,1944,,1,1,0,0.591,8388,2.675,0.017339714515103175,0.087,0.00010426767597777013,0.5299999999999998,8673.8,-7201.9384615384615,1029.9259259259259,-15900.0,27285.0,0.5185185185185185,27,40311.637037037035,1000.0,68151.2,15155.251505035581,0,0,0,33,187,0
5589,390000,48,8125,,0,0,1,0.591,8388,2.675,0.017339714515103175,0.087,0.00010426767597777013,0.5299999999999998,10832.026086956523,-10758.904761904761,527.2636363636362,-48500.0,47025.0,0.5227272727272727,44,48798.69772727273,600.0,120714.8,28087.26339722942,0,0,0,50,510,0
5042,331584,48,6908,,1,1,0,0.591,8388,2.675,0.017339714515103175,0.087,0.00010426767597777013,0.5299999999999998,12403.3475,-7223.5901639344265,549.4544554455446,-27040.0,33590.0,0.39603960396039606,101,42007.36633663366,400.0,73943.0,13202.104146796277,0,0,0,25,595,0
6095,68340,60,1139,,1,0,1,0.674,9753,4.845,0.03714649783512239,0.109,0.004323083799777174,0.41000000000000014,13463.015,-6653.5675675675675,404.8824561403509,-33600.0,36463.5,0.3508771929824561,114,41735.4201754386,500.0,71564.8,11063.628902172542,0,0,0,43,617,0
7049,233424,36,6484,,2,0,1,0.674,9753,4.845,0.03714649783512239,0.109,0.004323083799777174,0.41000000000000014,20934.74705882353,-9645.0625,964.2591836734691,-62800.0,58353.0,0.3469387755102041,49,54476.857142857145,200.0,105024.8,25141.67782753039,0,0,0,38,254,0
6075,129312,24,5388,,1,0,0,0.674,9753,4.845,0.03714649783512239,0.109,0.004323083799777174,0.41000000000000014,15947.209677419354,-10191.224444444444,470.50526315789466,-47700.0,49950.0,0.40789473684210525,152,45330.9197368421,-8657.3,116311.7,32759.94939605866,1,0,0,24,684,0
6878,23184,12,1932,,1,0,0,0.48,8720,4.115,0.02278424737888536,0.116,-0.00048161823727725157,0.77,3018.0060606060606,-2283.72,732.7793103448275,-9500.0,11748.0,0.5689655172413793,58,36729.80172413793,200.0,48344.0,9960.410273053054,0,0,0,17,315,0
5790,84288,48,1756,,1,0,0,0.48,8720,4.115,0.02278424737888536,0.116,-0.00048161823727725157,0.77,6409.055555555556,-6766.666666666667,3115.125,-11400.0,18368.0,0.75,12,29824.125,1000.0,48781.6,12770.284101070167,0,0,0,19,121,0
5532,335280,48,6985,,2,0,0,0.48,8720,4.115,0.02278424737888536,0.116,-0.00048161823727725157,0.77,21735.348387096776,-9756.742424242424,307.7402061855671,-38900.0,62868.0,0.31958762886597936,97,43629.436082474225,500.0,123335.2,22466.555574880756,0,0,0,44,464,0
6118,349392,48,7279,,1,0,1,0.48,8720,4.115,0.02278424737888536,0.116,-0.00048161823727725157,0.77,15537.231147540982,-10520.657142857142,441.62689655172414,-52700.0,47998.0,0.4206896551724138,145,59951.075172413795,900.0,142574.7,27491.435997699893,0,0,1,43,657,0
6442,194160,48,4045,,1,0,0,0.48,8720,4.115,0.02278424737888536,0.116,-0.00048161823727725157,0.77,5805.565853658537,-2264.284782608696,223.41353383458647,-11000.0,17642.0,0.3082706766917293,133,28548.365413533837,900.0,48106.2,7771.536283071562,0,0,0,52,520,0
6554,390096,48,8127,,1,1,1,0.735,8369,2.05,0.024274902625344916,0.117,-0.0020938877995546053,0.52,13407.8,-14966.666666666666,2767.375,-26100.0,36178.0,0.625,16,44346.15625,900.0,77467.0,20389.130044150774,0,0,0,18,163,0
5973,219456,48,4572,,1,1,0,0.735,8369,2.05,0.024274902625344916,0.117,-0.0020938877995546053,0.52,14840.475,-13866.666666666666,7011.254545454546,-20100.0,29445.0,0.7272727272727273,11,44366.05454545455,400.0,77123.8,22683.877974868567,0,0,0,37,108,0
5043,468060,60,7801,,2,1,0,0.735,8369,2.05,0.024274902625344916,0.117,-0.0020938877995546053,0.52,25738.859375,-9105.1125,850.3080357142857,-40100.0,70210.0,0.2857142857142857,112,59623.21607142857,400.0,127425.3,25407.637815788745,0,0,0,50,470,0
7195,339168,48,7066,,1,0,0,0.735,8369,2.05,0.024274902625344916,0.117,-0.0020938877995546053,0.52,3782.8107142857143,-3358.304347826087,562.307843137255,-7500.0,9200.0,0.5490196078431373,51,28634.139215686275,1000.0,41024.0,8016.806960032865,0,0,0,56,292,0
6746,185640,60,3094,,1,0,0,0.735,8369,2.05,0.024274902625344916,0.117,-0.0020938877995546053,0.52,6022.61,-6364.44,392.1327272727272,-19300.0,27850.0,0.5454545454545454,55,29159.44181818182,400.0,59523.5,11311.813505713119,0,0,0,35,288,0
6793,186300,60,3105,,2,0,1,0.505,8288,4.154999999999999,0.01746558320714806,0.11,-0.0011790135586559245,0.7299999999999995,14436.055555555555,-11588.969230769231,220.70588235294122,-63700.0,48653.0,0.453781512605042,119,62765.86554621849,200.0,170682.8,34244.48654819336,0,0,0,49,395,0
5940,106944,24,4456,,1,0,0,0.505,8288,4.154999999999999,0.01746558320714806,0.11,-0.0011790135586559245,0.7299999999999995,15913.26,-13135.875,3002.5333333333333,-27400.0,31480.0,0.5555555555555556,18,57324.072222222225,800.0,83932.6,22980.888932323123,0,0,0,44,145,0
5584,24792,24,1033,,1,0,1,0.505,8288,4.154999999999999,0.01746558320714806,0.11,-0.0011790135586559245,0.7299999999999995,12988.3475,-4740.473684210527,512.5103703703703,-23800.0,35143.5,0.2962962962962963,135,47061.86,500.0,72489.8,12246.407730001189,0,0,0,39,606,0
5669,71820,36,1995,,1,0,1,0.505,8288,4.154999999999999,0.01746558320714806,0.11,-0.0011790135586559245,0.7299999999999995,13607.087096774194,-7899.791666666667,539.6164556962025,-31600.0,48698.0,0.3924050632911392,79,54293.59240506329,700.0,119933.3,21993.073666869575,0,0,0,34,403,0
7286,67320,36,1870,,1,0,1,0.514,9307,4.14,0.029576639892904953,0.118,0.004434404283801874,0.5799999999999996,5736.168421052632,-2715.295890410959,177.9981981981982,-11500.0,16833.0,0.34234234234234234,111,26491.78018018018,200.0,43949.4,7217.696103124469,0,0,0,25,499,0
5992,76080,12,6340,,1,0,0,0.514,9307,4.14,0.029576639892904953,0.118,0.004434404283801874,0.5799999999999996,19968.472,-7648.003571428571,875.5999999999999,-38900.0,57063.0,0.30864197530864196,81,50621.10493827161,300.0,103809.7,19389.25337968756,0,0,1,17,371,0
6278,87360,24,3640,,1,0,1,0.514,9307,4.14,0.029576639892904953,0.118,0.004434404283801874,0.5799999999999996,21991.3,-12744.585714285713,847.717391304348,-58400.0,49495.0,0.391304347826087,69,69963.48405797101,200.0,134714.0,26296.55727792263,0,0,0,60,221,0
6196,177804,36,4939,,1,0,0,0.514,9307,4.14,0.029576639892904953,0.118,0.004434404283801874,0.5799999999999996,15879.982500000002,-11547.109803921569,508.7549450549452,-60100.0,48515.0,0.43956043956043955,91,54375.02307692307,800.0,140728.2,27185.841612047814,0,0,0,26,423,0
6052,22356,36,621,,1,0,1,0.514,9307,4.14,0.029576639892904953,0.118,0.004434404283801874,0.5799999999999996,3688.6708333333336,-2377.1533333333336,318.76851851851853,-5800.0,9588.0,0.4444444444444444,54,25150.975925925926,6392.0,37212.7,7025.3438828055705,0,0,0,58,314,0
5354,290820,60,4847,,1,0,1,0.514,9307,4.14,0.029576639892904953,0.118,0.004434404283801874,0.5799999999999996,10223.088,-3426.918644067797,635.5833333333334,-19520.0,28840.0,0.2976190476190476,84,44617.08095238096,900.0,62178.2,10915.899465187957,0,0,0,60,342,0
6076,117420,60,1957,,1,0,1,0.608,8208,2.0749999999999997,0.024991742088921187,0.155,0.006117460527185043,0.3699999999999999,9440.564705882352,-5228.838461538461,570.693023255814,-16400.0,30794.0,0.3953488372093023,43,40841.795348837215,500.0,68584.8,15410.393720101682,0,0,0,30,213,0
5134,53076,12,4423,,1,0,1,0.527,8402,3.5549999999999997,0.020397448860542896,0.12,0.0019444660496227735,0.8500000000000001,7826.846153846154,-4677.748717948718,324.08923076923077,-14700.0,23817.0,0.4,65,33129.403076923074,500.0,65121.6,14034.728710026882,0,0,0,48,333,0
6147,177504,48,3698,,0,0,1,0.527,8402,3.5549999999999997,0.020397448860542896,0.12,0.0019444660496227735,0.8500000000000001,11196.01052631579,-8447.229166666666,232.3418604651163,-61800.0,49867.0,0.4418604651162791,86,44723.35581395349,14855.3,139525.4,35436.029353100355,0,0,0,53,536,0
6237,407952,48,8499,,1,0,0,0.527,8402,3.5549999999999997,0.020397448860542896,0.12,0.0019444660496227735,0.8500000000000001,3416.6951219512193,-3495.1513513513514,137.99871794871794,-9900.0,9500.0,0.5256410256410257,78,14785.585897435896,-1449.6,29696.8,6609.171562045565,1,0,0,23,478,0
5245,125472,24,5228,,0,1,0,0.527,8402,3.5549999999999997,0.020397448860542896,0.12,0.0019444660496227735,0.8500000000000001,18798.165625,-12430.866666666667,547.4324675324676,-64700.0,48743.0,0.4155844155844156,77,71376.04415584415,800.0,143696.8,25109.194803138787,0,0,0,51,281,0
5582,41256,12,3438,,1,1,1,0.527,8402,3.5549999999999997,0.020397448860542896,0.12,0.0019444660496227735,0.8500000000000001,25653.175,-6894.908982035929,371.6400000000001,-63700.0,73128.0,0.22325581395348837,215,63500.40697674418,900.0,124519.7,21550.697258655076,0,0,1,59,682,0
6508,110736,48,2307,,2,0,0,0.527,8402,3.5549999999999997,0.020397448860542896,0.12,0.0019444660496227735,0.8500000000000001,6451.404347826086,-3555.84375,629.0054545454547,-16800.0,20762.0,0.41818181818181815,55,30696.238181818182,13026.6,55991.1,11380.741722662877,0,0,0,58,254,0
4968,110736,48,2307,,2,0,0,0.527,8402,3.5549999999999997,0.020397448860542896,0.12,0.0019444660496227735,0.8500000000000001,6452.3347826086965,-3468.34375,680.3036363636364,-16800.0,20762.0,0.41818181818181815,55,31383.44909090909,13841.0,55991.1,10950.811532854588,0,0,0,58,254,0
6571,140064,24,5836,,2,0,0,0.527,8402,3.5549999999999997,0.020397448860542896,0.12,0.0019444660496227735,0.8500000000000001,22058.871739130434,-9800.354166666666,520.2401408450704,-38200.0,64186.0,0.323943661971831,142,66051.94507042253,200.0,107275.7,20781.866701859122,0,0,0,47,673,0
5419,415800,60,6930,,1,0,0,1.0,12541,0.36,0.07667684963645885,0.167,0.01114566294286997,0.14,13169.638888888889,-11767.0,364.3378378378378,-47600.0,48667.0,0.4864864864864865,37,44265.27297297297,700.0,140706.0,33832.07369901993,0,0,0,47,286,0
6377,17184,12,1432,,1,0,0,1.0,12541,0.36,0.07667684963645885,0.167,0.01114566294286997,0.14,6069.316,-2465.768888888889,582.4757142857143,-12800.0,17689.5,0.35714285714285715,70,29906.531428571427,400.0,44504.8,8582.056505164628,0,0,0,52,310,0
6562,94488,24,3937,,1,0,1,1.0,12541,0.36,0.07667684963645885,0.167,0.01114566294286997,0.14,16150.215384615383,-8730.539999999999,1070.969696969697,-49400.0,49353.0,0.3939393939393939,66,60311.76666666667,800.0,105964.6,25093.34321090162,0,0,0,38,243,0
6913,99936,24,4164,,1,0,0,1.0,12541,0.36,0.07667684963645885,0.167,0.01114566294286997,0.14,9591.967692307693,-6118.3839080459775,599.858552631579,-37000.0,49312.0,0.4276315789473684,152,55851.80263157895,400.0,111406.5,25907.897039549815,0,0,0,31,590,0
6014,165168,36,4588,,1,1,0,1.0,12541,0.36,0.07667684963645885,0.167,0.01114566294286997,0.14,14754.223333333333,-6223.388059701492,264.5329896907217,-27600.0,41296.0,0.30927835051546393,97,35478.66185567011,300.0,87236.0,17421.829840733364,0,0,0,38,461,0
5556,268320,60,4472,,1,0,0,1.0,12541,0.36,0.07667684963645885,0.167,0.01114566294286997,0.14,6053.638095238095,-3692.690322580645,243.32692307692315,-13200.0,18224.0,0.40384615384615385,52,24411.294230769232,200.0,49189.6,10874.530318934105,0,0,0,44,257,0
6346,100260,60,1671,,1,0,1,1.0,12541,0.36,0.07667684963645885,0.167,0.01114566294286997,0.14,10465.766666666666,-9226.08275862069,1255.0629032258064,-49000.0,46073.0,0.532258064516129,62,40047.08387096775,1000.0,106481.5,21019.117673829533,0,0,0,29,684,0
6310,34572,12,2881,,1,0,0,1.0,12541,0.36,0.07667684963645885,0.167,0.01114566294286997,0.14,14715.57619047619,-11861.336842105264,2091.5425000000005,-40800.0,49784.0,0.525,40,60619.159999999996,1100.0,121367.5,27985.493467525688,0,0,0,20,228,0
6763,88272,48,1839,,1,0,0,1.0,12541,0.36,0.07667684963645885,0.167,0.01114566294286997,0.14,4182.83,-4330.535135135135,91.99220779220776,-11000.0,16554.0,0.5194805194805194,77,17535.77922077922,800.0,37880.4,9184.828049923843,0,0,0,18,399,0
7051,77808,12,6484,,1,1,1,1.0,12541,0.36,0.07667684963645885,0.167,0.01114566294286997,0.14,12957.092307692308,-11074.38,2508.6260869565217,-38000.0,33149.0,0.5652173913043478,23,68874.72173913044,1000.0,101117.1,26062.87599367688,0,0,0,41,117,0
5117,76944,12,6412,,1,0,0,1.0,12541,0.36,0.07667684963645885,0.167,0.01114566294286997,0.14,12496.935897435897,-6029.915492957746,538.6954545454546,-49800.0,49059.0,0.35454545454545455,110,40141.795454545456,500.0,105970.4,22283.58371939614,0,0,0,40,535,0
6338,390660,60,6511,,1,0,0,1.0,12541,0.36,0.07667684963645885,0.167,0.01114566294286997,0.14,20890.590625,-12398.820408163265,752.5518518518518,-61600.0,49094.0,0.3950617283950617,81,63544.64567901234,300.0,164909.5,30163.74604529852,0,0,0,19,308,0
5719,271584,48,5658,,1,0,1,1.0,12541,0.36,0.07667684963645885,0.167,0.01114566294286997,0.14,16807.1756097561,-12177.395918367347,1026.686666666667,-39600.0,48039.0,0.45555555555555555,90,62387.09,800.0,115112.9,27465.733061554183,0,0,0,21,510,0
7181,197808,24,8242,,1,0,0,1.0,12541,0.36,0.07667684963645885,0.167,0.01114566294286997,0.14,24920.344444444447,-30066.666666666668,2925.54,-45700.0,74176.0,0.6,15,64942.89333333333,900.0,111796.9,28961.929740251046,0,0,0,34,125,0
7264,44940,12,3745,,2,0,0,1.0,12541,0.36,0.07667684963645885,0.167,0.01114566294286997,0.14,14239.857142857143,-11686.894736842105,1924.65,-78600.0,47238.0,0.525,40,52484.822499999995,200.0,106467.0,27425.065485451,0,0,0,21,238,0
5343,44952,24,1873,,1,0,1,1.0,12541,0.36,0.07667684963645885,0.167,0.01114566294286997,0.14,15011.49,-6756.379661016949,581.1044943820224,-38800.0,49785.0,0.33707865168539325,89,51453.801123595505,1000.0,127317.0,23458.498481343675,0,0,0,27,433,0
7277,89280,12,7440,,1,0,1,1.0,12541,0.36,0.07667684963645885,0.167,0.01114566294286997,0.14,23729.622222222224,-10735.688235294117,1194.6115384615384,-50900.0,66964.0,0.34615384615384615,52,60522.040384615386,900.0,109529.5,20954.26377318421,0,0,0,49,261,0
6468,203940,60,3399,,1,0,0,1.0,12541,0.36,0.07667684963645885,0.167,0.01114566294286997,0.14,12547.778260869567,-7661.858064516129,945.95,-27000.0,37200.0,0.42592592592592593,54,42000.78888888889,400.0,72580.1,13429.797196148776,0,0,0,43,358,0
7037,218064,48,4543,,1,0,0,1.0,12541,0.36,0.07667684963645885,0.167,0.01114566294286997,0.14,14668.593333333332,-7388.95,1094.7205128205128,-20500.0,40884.0,0.38461538461538464,39,54315.558974358966,400.0,81063.2,14925.629654032195,0,0,0,53,241,0
5782,63576,12,5298,,1,0,0,1.0,12541,0.36,0.07667684963645885,0.167,0.01114566294286997,0.14,10523.22,-13902.433333333334,1363.6000000000001,-56900.0,47679.0,0.625,32,59128.5875,500.0,109399.2,21405.4915018847,0,0,0,37,202,0
5930,66696,24,2779,,1,0,1,1.0,12541,0.36,0.07667684963645885,0.167,0.01114566294286997,0.14,12059.509999999998,-8862.433333333332,4213.78125,-20300.0,32030.0,0.625,16,58360.68125,1000.0,89595.1,27018.40143712475,0,0,0,22,110,0
6791,566640,60,9444,,1,1,0,1.0,12541,0.36,0.07667684963645885,0.167,0.01114566294286997,0.14,6608.759375,-4035.1111111111113,388.31558441558434,-19200.0,26384.0,0.4155844155844156,77,36640.32207792207,200.0,61992.7,10665.199718854723,0,0,0,25,308,0
5332,37944,36,1054,,1,0,0,1.0,12541,0.36,0.07667684963645885,0.167,0.01114566294286997,0.14,13434.728947368421,-6342.092753623188,681.4514018691588,-31400.0,36996.0,0.35514018691588783,107,61295.969158878506,500.0,100074.6,18670.113397526355,0,0,1,31,594,0
5491,428784,48,8933,,1,1,1,1.0,12541,0.36,0.07667684963645885,0.167,0.01114566294286997,0.14,5483.184615384615,-2889.2535211267605,79.15636363636364,-12500.0,14146.0,0.35454545454545455,110,22133.735454545455,1100.0,47281.2,11407.190986049878,0,0,0,61,436,0
7129,194280,60,3238,,1,0,1,1.0,12541,0.36,0.07667684963645885,0.167,0.01114566294286997,0.14,12831.551724137931,-4065.190476190476,271.14159292035396,-23900.0,36932.0,0.25663716814159293,113,48180.3778761062,300.0,77920.1,13378.644686694159,0,0,0,28,426,0
6948,157068,36,4363,,1,0,0,1.0,12541,0.36,0.07667684963645885,0.167,0.01114566294286997,0.14,9116.8,-12714.285714285714,1839.7714285714285,-35200.0,44217.0,0.6666666666666666,21,38742.92380952381,400.0,88837.6,23121.177375382616,0,0,0,26,245,0
6962,279072,48,5814,,2,1,1,1.0,12541,0.36,0.07667684963645885,0.167,0.01114566294286997,0.14,13517.605,-11287.08695652174,249.9790697674418,-45700.0,44680.0,0.46511627906976744,86,43095.51162790698,300.0,111246.0,25143.86347498738,0,0,0,29,611,0
6766,74352,24,3098,,1,0,0,1.0,12541,0.36,0.07667684963645885,0.167,0.01114566294286997,0.14,13663.11320754717,-9196.942465753425,418.79523809523806,-37800.0,55186.0,0.42063492063492064,126,45497.74206349206,1100.0,96165.9,15938.03881118303,0,0,0,40,559,0
7172,45720,12,3810,,1,0,0,1.0,12541,0.36,0.07667684963645885,0.167,0.01114566294286997,0.14,15730.603703703704,-6705.379661016949,338.4755813953488,-34200.0,45213.0,0.313953488372093,86,41690.6,700.0,87185.5,16927.38870265652,0,0,0,19,415,0
5501,136344,24,5681,,1,1,0,1.0,12541,0.36,0.07667684963645885,0.167,0.01114566294286997,0.14,6037.545614035087,-4168.391780821918,306.5192307692308,-10400.0,15902.0,0.43846153846153846,130,31673.896923076925,300.0,57858.4,10787.938569689824,0,0,0,34,638,0
6234,5148,12,429,,1,0,0,1.0,12541,0.36,0.07667684963645885,0.167,0.01114566294286997,0.14,11599.914285714285,-5298.084615384616,616.2149999999999,-20900.0,32125.5,0.35,80,43197.28125,1000.0,66177.3,13377.630978738904,0,0,0,35,446,0
6450,234336,48,4882,,1,0,0,1.0,12541,0.36,0.07667684963645885,0.167,0.01114566294286997,0.14,15489.826086956522,-5254.042276422764,392.21775147929,-35200.0,43942.0,0.27218934911242604,169,42818.502958579884,1000.0,90490.8,18387.004646334764,0,0,0,26,659,0
5823,212976,36,5916,,1,1,0,1.0,12541,0.36,0.07667684963645885,0.167,0.01114566294286997,0.14,15242.182258064517,-10250.49195402299,357.1979865771812,-61900.0,49145.0,0.4161073825503356,149,49635.71543624161,1100.0,119287.7,23435.838013657525,0,0,0,25,671,0
5334,209040,24,8710,,1,0,1,1.0,12541,0.36,0.07667684963645885,0.167,0.01114566294286997,0.14,9478.907407407407,-5087.851282051282,871.2772727272728,-45440.0,26991.0,0.4090909090909091,66,44982.42272727273,900.0,74276.7,14572.504223627093,0,0,0,19,355,0
6821,321936,48,6707,,1,1,0,1.0,12541,0.36,0.07667684963645885,0.167,0.01114566294286997,0.14,4731.6511627906975,-3743.5304347826086,351.22022471910117,-17200.0,19533.0,0.48314606741573035,178,32014.602808988762,400.0,62516.8,11317.701056486841,0,0,0,37,693,0
5760,74916,36,2081,,1,0,1,1.0,12541,0.36,0.07667684963645885,0.167,0.01114566294286997,0.14,17056.80847457627,-8753.605454545454,257.13076923076926,-59600.0,49627.0,0.34911242603550297,169,56133.6526627219,600.0,143676.5,27409.199321841075,0,0,0,56,664,0
6168,99216,36,2756,,1,1,0,1.0,12541,0.36,0.07667684963645885,0.167,0.01114566294286997,0.14,15153.77837837838,-10813.85306122449,358.2674418604651,-54500.0,49853.0,0.43023255813953487,86,57018.617441860464,300.0,124071.7,25880.04781829928,0,0,0,47,443,0
5644,276084,36,7669,,1,0,0,1.0,12541,0.36,0.07667684963645885,0.167,0.01114566294286997,0.14,23941.60606060606,-6719.647706422018,405.8549295774649,-46900.0,69018.0,0.2323943661971831,142,58466.19366197183,1100.0,132186.8,22606.36701478105,0,0,1,34,476,0
6255,247920,48,5165,,1,0,0,0.631,8110,6.16,0.029810285326343184,0.109,-0.0015558111905255812,0.7800000000000002,3509.0,-2220.0,1599.3333333333333,-5000.0,16100.0,0.6666666666666666,15,23594.146666666667,200.0,31595.5,7544.802965794844,0,0,0,39,271,0
6660,220428,36,6123,,1,0,1,0.631,8110,6.16,0.029810285326343184,0.109,-0.0015558111905255812,0.7800000000000002,23151.645454545454,-22908.844444444447,2424.425,-47800.0,69012.0,0.55,20,60165.795,600.0,105524.2,24445.209943624304,0,0,0,34,166,0
5991,335184,48,6983,,1,0,0,0.631,8110,6.16,0.029810285326343184,0.109,-0.0015558111905255812,0.7800000000000002,15555.405263157896,-11494.076000000001,186.38181818181832,-37400.0,62850.0,0.4318181818181818,88,38710.01136363636,-6652.7,100570.6,24477.120206069965,1,0,0,20,401,0
5656,146064,24,6086,,1,0,0,1.0,10673,5.095000000000001,0.05732083860808349,0.1,-0.0013431315033809862,0.6900000000000004,12579.108333333332,-10592.86,2046.3954545454542,-35100.0,44258.0,0.5454545454545454,22,44355.04090909091,200.0,90387.4,16699.810596406947,0,0,0,43,166,0
6322,76992,24,3208,,1,0,1,1.0,10673,5.095000000000001,0.05732083860808349,0.1,-0.0013431315033809862,0.6900000000000004,15869.294444444444,-13715.788235294118,1499.3971428571429,-40500.0,44561.0,0.5142857142857142,35,61992.3,900.0,112175.5,25699.739128305187,0,0,0,31,139,0
6877,285240,60,4754,,1,1,1,1.0,10673,5.095000000000001,0.05732083860808349,0.1,-0.0013431315033809862,0.6900000000000004,11099.815384615385,-8169.0142857142855,1108.5703703703703,-28000.0,42783.0,0.48148148148148145,54,49699.664814814816,1100.0,89240.1,16853.230914901833,0,0,0,45,267,0
4986,102876,12,8573,,1,1,1,1.0,10673,5.095000000000001,0.05732083860808349,0.1,-0.0013431315033809862,0.6900000000000004,9274.421212121213,-3123.9952941176466,343.3584745762712,-18600.0,26892.0,0.2796610169491525,118,33057.37457627119,900.0,60334.7,12670.953546334435,0,0,0,55,462,0
5638,68124,12,5677,,1,0,1,1.0,10673,5.095000000000001,0.05732083860808349,0.1,-0.0013431315033809862,0.6900000000000004,11037.433333333334,-7178.5,322.17843137254897,-21200.0,30993.0,0.4117647058823529,51,28809.0,1100.0,63669.3,14323.747992896271,0,0,0,39,320,0
5206,128544,24,5356,,0,0,0,1.0,10673,5.095000000000001,0.05732083860808349,0.1,-0.0013431315033809862,0.6900000000000004,11895.338095238096,-5608.205128205128,518.035,-59100.0,45043.0,0.35,60,40526.454999999994,200.0,131453.2,22589.559555331594,0,0,0,45,287,0
5369,214596,36,5961,,1,1,1,1.0,10673,5.095000000000001,0.05732083860808349,0.1,-0.0013431315033809862,0.6900000000000004,27251.409999999996,-26571.428571428572,5089.064705882353,-63100.0,73970.0,0.5882352941176471,17,62852.91764705883,400.0,112408.8,30947.28158330783,0,0,0,60,138,0
5643,94512,12,7876,,1,0,1,1.0,10673,5.095000000000001,0.05732083860808349,0.1,-0.0013431315033809862,0.6900000000000004,17960.522222222222,-15601.430985915495,177.69626865671634,-78900.0,74642.0,0.4701492537313433,134,48061.85671641791,600.0,133407.7,26359.19062225771,0,0,0,44,632,0
5862,100128,24,4172,,1,0,0,1.0,10673,5.095000000000001,0.05732083860808349,0.1,-0.0013431315033809862,0.6900000000000004,13777.274509803921,-7359.286363636363,395.8546762589928,-63800.0,48666.0,0.3669064748201439,139,56496.39136690648,700.0,120586.5,21125.219655712437,0,0,0,49,589,0
6934,116832,12,9736,,1,1,0,0.67,9104,1.79,0.022511538796481757,0.123,0.000532187678403824,0.5599999999999998,5766.178260869566,-4864.478260869565,450.85,-12100.0,17136.0,0.5,46,23391.68913043478,400.0,40761.2,10577.341912266536,0,0,0,48,275,0
7119,86880,12,7240,,1,0,0,0.67,9104,1.79,0.022511538796481757,0.123,0.000532187678403824,0.5599999999999998,21839.58695652174,-13363.862857142858,596.1258620689655,-40600.0,65160.0,0.39655172413793105,58,56531.81724137931,500.0,106368.8,24247.686645578247,0,0,1,57,346,0
5124,156096,36,4336,,2,0,1,0.67,9104,1.79,0.022511538796481757,0.123,0.000532187678403824,0.5599999999999998,12246.707142857142,-7525.368421052632,862.7848484848483,-20400.0,39022.0,0.42424242424242425,33,51641.833333333336,700.0,93801.3,19462.195793041104,0,0,0,45,187,0
4989,352704,48,7348,,1,0,0,0.67,9104,1.79,0.022511538796481757,0.123,0.000532187678403824,0.5599999999999998,8806.779310344828,-8341.525925925926,538.8464285714284,-29900.0,49101.0,0.5178571428571429,56,30797.4875,800.0,74693.6,16415.401618181764,0,0,1,47,513,0
6028,317520,60,5292,,1,0,0,0.515,8546,3.485,0.036940600028218515,0.126,0.0061567666713697525,1.0699999999999994,12711.92380952381,-4389.838461538462,529.8465753424657,-21600.0,35938.0,0.2876712328767123,73,56757.3095890411,1100.0,82886.2,14668.228535740516,0,0,0,29,303,0
5486,466608,48,9721,,1,0,0,0.515,8546,3.485,0.036940600028218515,0.126,0.0061567666713697525,1.0699999999999994,8669.52619047619,-5055.740000000001,595.8401960784313,-13600.0,23832.0,0.4117647058823529,102,36161.02156862745,300.0,66125.9,12819.231108548658,0,0,0,51,575,0
5338,57360,12,4780,,1,0,1,0.515,8546,3.485,0.036940600028218515,0.126,0.0061567666713697525,1.0699999999999994,11038.958620689655,-6632.897826086956,200.22,-29100.0,43260.0,0.38666666666666666,75,36887.156,-5851.2,78725.3,21128.247450818963,1,0,0,39,313,0
6239,360864,48,7518,,2,0,0,0.515,8546,3.485,0.036940600028218515,0.126,0.0061567666713697525,1.0699999999999994,15135.351219512195,-13181.466666666667,318.41162790697666,-64000.0,48724.0,0.47674418604651164,86,52871.42441860465,500.0,135384.0,31203.09112803499,0,0,0,19,374,0
5287,64224,24,2676,,2,1,1,0.515,8546,3.485,0.036940600028218515,0.126,0.0061567666713697525,1.0699999999999994,8078.744000000001,-8105.272727272727,503.2468085106383,-33600.0,43958.0,0.5319148936170213,47,45735.83829787234,900.0,92048.9,19455.06988026239,0,0,0,60,440,0
6320,104964,12,8747,,1,0,1,0.515,8546,3.485,0.036940600028218515,0.126,0.0061567666713697525,1.0699999999999994,9410.197826086956,-5129.174358974358,264.46370967741933,-12600.0,27722.0,0.3709677419354839,124,41026.3314516129,500.0,67027.5,10342.270598892203,0,0,0,31,644,0
5815,151200,36,4200,,1,0,1,0.515,8546,3.485,0.036940600028218515,0.126,0.0061567666713697525,1.0699999999999994,17435.75909090909,-18025.544444444444,1478.1725000000001,-42800.0,48480.0,0.55,40,66345.6825,1000.0,110723.2,28183.949451379074,0,0,0,51,241,0
5154,108720,60,1812,,1,0,0,0.515,8546,3.485,0.036940600028218515,0.126,0.0061567666713697525,1.0699999999999994,9974.694117647057,-9926.7,645.915625,-48400.0,47615.0,0.53125,64,50883.196875,1000.0,112610.8,21193.14130159087,0,0,0,31,594,0
6490,73260,60,1221,,1,0,0,0.899,10177,7.1899999999999995,0.03501561038169223,0.081,0.0008059231850084271,1.12,8242.716666666667,-7874.955555555556,1335.142857142857,-20600.0,25654.5,0.5714285714285714,21,33927.08571428571,900.0,58294.8,12947.80948756529,0,0,0,56,164,0
5942,162624,48,3388,,1,0,0,0.899,10177,7.1899999999999995,0.03501561038169223,0.081,0.0008059231850084271,1.12,10368.567441860465,-4466.2967032967035,294.144776119403,-18400.0,30492.0,0.3208955223880597,134,37092.94552238806,16399.9,73289.5,11884.310835362778,0,0,0,39,585,0
7085,305424,48,6363,,1,0,0,0.899,10177,7.1899999999999995,0.03501561038169223,0.081,0.0008059231850084271,1.12,13980.793333333333,-7731.007547169812,116.63132530120488,-58900.0,47968.0,0.3614457831325301,83,46147.52168674699,300.0,120227.9,29670.987963805732,0,0,0,33,346,0
6959,59448,24,2477,,1,0,1,0.899,10177,7.1899999999999995,0.03501561038169223,0.081,0.0008059231850084271,1.12,12094.460000000001,-9389.016923076922,457.57666666666665,-38900.0,48601.0,0.4583333333333333,120,45016.690833333334,-5525.0,119012.4,28083.258524411067,1,0,0,44,539,0
5086,210384,48,4383,,1,0,0,0.899,10177,7.1899999999999995,0.03501561038169223,0.081,0.0008059231850084271,1.12,8761.727586206896,-6920.386666666667,787.771186440678,-28400.0,48984.0,0.4915254237288136,59,45912.4,300.0,121135.2,21519.72175583645,0,0,0,41,483,0
6758,33144,12,2762,,1,1,0,0.899,10177,7.1899999999999995,0.03501561038169223,0.081,0.0008059231850084271,1.12,5308.7300000000005,-6206.8,990.4062500000001,-34880.0,23496.0,0.625,32,32407.646875000002,900.0,61770.9,13829.314517124061,0,0,0,17,182,0
5377,92400,12,7700,,1,0,0,0.899,10177,7.1899999999999995,0.03501561038169223,0.081,0.0008059231850084271,1.12,12853.674358974358,-6996.987692307693,447.0105769230769,-55600.0,45358.0,0.375,104,42291.185576923075,1000.0,131664.2,20423.924476420485,0,0,1,23,459,0
6612,97392,12,8116,,1,1,1,0.899,10177,7.1899999999999995,0.03501561038169223,0.081,0.0008059231850084271,1.12,10879.948571428571,-7840.260869565217,248.7185185185185,-48700.0,47841.0,0.43209876543209874,81,36685.09135802469,200.0,127421.2,24192.13051814679,0,0,0,37,400,0
5447,541200,60,9020,,1,0,0,0.899,10177,7.1899999999999995,0.03501561038169223,0.081,0.0008059231850084271,1.12,5483.250877192982,-2616.960683760684,36.55689655172415,-13300.0,20988.0,0.3275862068965517,174,12006.396551724138,-17030.4,51160.5,14745.172610902393,1,0,0,50,587,0
6727,42840,12,3570,,1,0,1,0.899,10177,7.1899999999999995,0.03501561038169223,0.081,0.0008059231850084271,1.12,5960.214814814814,-5731.022222222222,1283.72,-17300.0,22908.0,0.6,45,35642.19777777778,1100.0,57767.4,9970.089426002905,0,0,0,60,265,0
7147,267600,48,5575,,2,0,0,0.899,10177,7.1899999999999995,0.03501561038169223,0.081,0.0008059231850084271,1.12,12915.805263157896,-13175.236363636364,103.24017857142864,-61500.0,42297.0,0.5089285714285714,112,62460.22678571429,200.0,137673.6,31861.59331757581,0,0,0,39,678,0
5158,188532,36,5237,,1,0,0,0.899,10177,7.1899999999999995,0.03501561038169223,0.081,0.0008059231850084271,1.12,18973.77868852459,-13048.914942528736,149.62770270270275,-62100.0,49834.0,0.41216216216216217,148,64193.40472972973,200.0,143846.4,29366.481591170148,0,0,0,22,648,0
5147,22260,60,371,,1,0,0,0.899,10177,7.1899999999999995,0.03501561038169223,0.081,0.0008059231850084271,1.12,3082.8923076923074,-4400.0,2085.173333333333,-4500.0,12600.0,0.8666666666666667,15,23066.613333333335,700.0,31277.6,8114.044262605659,0,0,0,57,159,0
5015,109344,12,9112,,1,0,0,0.899,10177,7.1899999999999995,0.03501561038169223,0.081,0.0008059231850084271,1.12,8887.360465116279,-6309.984,716.7451612903228,-23400.0,28588.0,0.46236559139784944,93,48376.25806451613,1000.0,80433.2,12283.907153443406,0,0,1,53,504,0
5346,55632,24,2318,,1,0,1,0.899,10177,7.1899999999999995,0.03501561038169223,0.081,0.0008059231850084271,1.12,7270.39,-5079.221875,337.27456140350876,-23522.0,20858.0,0.43859649122807015,114,29645.320175438595,500.0,52896.1,11976.126777776568,0,0,0,50,644,0
6415,475680,48,9910,,1,1,0,0.852,9198,3.805,0.03736444113095723,0.131,0.0021050389369553367,0.9500000000000002,12925.675,-14225.0,3875.4500000000003,-23900.0,34100.0,0.6666666666666666,12,40812.49166666667,700.0,70405.3,20009.133167152275,0,0,0,30,123,0
4990,162576,36,4516,,1,0,1,0.852,9198,3.805,0.03736444113095723,0.131,0.0021050389369553367,0.9500000000000002,11853.042857142858,-4934.739285714286,661.1880952380952,-23000.0,35157.0,0.3333333333333333,84,46148.29761904762,900.0,79652.2,12673.331275508797,0,0,0,44,418,0
6641,128268,36,3563,,1,0,1,0.852,9198,3.805,0.03736444113095723,0.131,0.0021050389369553367,0.9500000000000002,11103.199999999999,-14152.433333333334,2684.6555555555556,-24500.0,35914.0,0.6666666666666666,18,47029.538888888885,700.0,75427.0,20089.41765282347,0,0,0,54,170,0
7187,24180,60,403,,1,0,1,0.852,9198,3.805,0.03736444113095723,0.131,0.0021050389369553367,0.9500000000000002,11907.194285714286,-3309.3959595959595,665.0865671641792,-23000.0,33066.0,0.26119402985074625,134,78724.20970149254,1100.0,97336.5,16373.293143798604,0,0,0,59,534,0
5799,106128,36,2948,,2,0,1,0.852,9198,3.805,0.03736444113095723,0.131,0.0021050389369553367,0.9500000000000002,10238.2625,-6950.821428571428,982.6019230769232,-50700.0,28472.0,0.46153846153846156,52,36071.942307692305,900.0,76251.4,15711.303814237473,0,0,0,19,337,0
7110,31260,12,2605,,1,1,1,0.852,9198,3.805,0.03736444113095723,0.131,0.0021050389369553367,0.9500000000000002,5121.85294117647,-3091.0275,106.35343511450378,-9800.0,15171.0,0.3893129770992366,131,25084.423664122136,1000.0,46698.9,8521.249762977905,0,0,0,29,654,0
5313,43200,24,1800,,1,0,0,0.852,9198,3.805,0.03736444113095723,0.131,0.0021050389369553367,0.9500000000000002,7135.3476190476185,-3400.6969696969695,696.6537037037037,-17000.0,20504.0,0.3888888888888889,54,36159.705555555556,400.0,62263.4,10229.963510981173,0,0,0,49,304,0
7087,44304,24,1846,,1,0,1,0.598,8965,7.655,0.031886269393840566,0.104,0.001968503937007874,1.1500000000000004,7941.1,-2864.690476190476,737.2396825396825,-11600.0,21466.0,0.3333333333333333,63,42830.99523809524,300.0,58281.2,9857.958953203315,0,0,0,30,314,0
5616,130896,24,5454,,1,1,0,0.598,8965,7.655,0.031886269393840566,0.104,0.001968503937007874,1.1500000000000004,4328.835849056603,-3096.3399999999997,386.2646017699115,-7300.0,12000.0,0.4690265486725664,113,31685.09911504425,300.0,49093.0,8392.463065320397,0,0,0,43,574,0
6357,64860,60,1081,,1,0,0,0.598,8965,7.655,0.031886269393840566,0.104,0.001968503937007874,1.1500000000000004,7316.884615384615,-2485.3376344086023,410.7734848484849,-15200.0,20107.5,0.29545454545454547,132,44890.03333333333,200.0,67060.0,9089.012046897695,0,0,0,18,561,0
5865,327660,60,5461,,1,0,0,0.598,8965,7.655,0.031886269393840566,0.104,0.001968503937007874,1.1500000000000004,14990.184,-9078.586842105264,472.5126984126984,-37500.0,48563.0,0.3968253968253968,126,49281.73888888889,1000.0,112775.8,25697.521091280294,0,0,0,56,660,0
5027,160920,36,4470,,1,0,1,0.598,8965,7.655,0.031886269393840566,0.104,0.001968503937007874,1.1500000000000004,14088.752,-8938.052941176471,819.0677966101695,-24800.0,40234.0,0.423728813559322,59,51649.398305084746,700.0,74906.0,16029.138294266511,0,0,1,27,359,0
5420,72504,24,3021,,1,0,0,0.8,8991,1.6999999999999997,0.04270287023971681,0.128,0.0006117305449295695,0.6199999999999999,14586.830769230768,-4961.005479452055,172.769696969697,-62200.0,43021.0,0.26262626262626265,99,45374.64242424242,600.0,145620.3,27825.784981805853,0,0,0,46,317,0
6235,321360,60,5356,,1,0,1,0.8,8991,1.6999999999999997,0.04270287023971681,0.128,0.0006117305449295695,0.6199999999999999,19070.688372093024,-7918.721649484536,370.8828571428571,-44800.0,56068.0,0.30714285714285716,140,52905.40714285714,700.0,116394.1,19287.97492844276,0,0,0,23,599,0
5977,59136,48,1232,,1,0,0,1.0,10787,2.865,0.03608704069839072,0.131,0.0012907086577216645,0.44999999999999973,2739.086956521739,-1917.0666666666668,516.8318181818181,-6200.0,6620.0,0.5227272727272727,44,23023.659090909092,6620.0,32572.8,6846.270074071337,0,0,0,17,262,0
6851,272220,60,4537,,1,0,0,1.0,10787,2.865,0.03608704069839072,0.131,0.0012907086577216645,0.44999999999999973,7412.767741935484,-7131.73125,25.085714285714346,-26600.0,44581.0,0.49206349206349204,63,36907.37301587302,-625.1,93792.7,29722.514746667595,1,0,0,50,320,0
5531,66432,24,2768,,1,1,0,1.0,10787,2.865,0.03608704069839072,0.131,0.0012907086577216645,0.44999999999999973,11689.346153846154,-6443.226470588235,165.84205607476648,-24200.0,33032.0,0.3644859813084112,107,33039.892523364484,700.0,69031.9,12534.716939678694,0,0,0,26,595,0
6824,71976,24,2999,,0,0,1,0.763,9425,2.11,0.024639489910660225,0.125,-0.0011986110939488676,0.78,11889.195,-8602.415068493152,641.9203007518796,-48700.0,49067.0,0.45112781954887216,133,39870.41127819549,-8245.1,139580.2,26402.52306549008,1,0,0,31,546,0
6386,124344,36,3454,,1,0,0,0.763,9425,2.11,0.024639489910660225,0.125,-0.0011986110939488676,0.78,10777.208695652173,-4208.835294117647,448.9891891891892,-63000.0,48295.0,0.3108108108108108,148,25654.37837837838,321.0,103753.3,18425.10848315396,0,0,0,17,620,0
5207,35904,48,748,,1,0,1,0.5720000000000001,9893,4.404999999999999,0.025147696287492135,0.096,0.00115360413899182,0.6299999999999999,2823.2374999999997,-1431.297142857143,299.36101694915254,-7200.0,7842.0,0.4067796610169492,59,22981.05593220339,900.0,34278.5,6022.073345711425,0,0,0,51,296,0
6887,39576,12,3298,,1,1,0,0.5720000000000001,9893,4.404999999999999,0.025147696287492135,0.096,0.00115360413899182,0.6299999999999999,6910.888571428572,-5481.055,301.85200000000003,-21100.0,29685.0,0.4666666666666667,75,30719.746666666666,700.0,64870.4,15914.152244943032,0,0,0,32,338,0
5051,230400,60,3840,,1,0,1,0.5720000000000001,9893,4.404999999999999,0.025147696287492135,0.096,0.00115360413899182,0.6299999999999999,20421.258490566037,-8983.038260869565,293.31726190476195,-59900.0,48038.0,0.31547619047619047,168,79500.5380952381,20574.0,145352.1,22324.05166043614,0,0,0,36,446,0
6502,30276,12,2523,,1,0,1,0.5720000000000001,9893,4.404999999999999,0.025147696287492135,0.096,0.00115360413899182,0.6299999999999999,19781.923529411764,-8681.693805309735,169.79695121951218,-62900.0,49734.0,0.31097560975609756,164,61588.33719512195,900.0,116439.0,22716.440103874163,0,0,0,35,498,0
4962,30276,12,2523,,1,0,1,0.5720000000000001,9893,4.404999999999999,0.025147696287492135,0.096,0.00115360413899182,0.6299999999999999,19787.319607843136,-8650.7203539823,192.81646341463417,-62900.0,49734.0,0.31097560975609756,164,62991.26463414634,900.0,119652.7,22476.347979775186,0,0,0,35,498,0
6552,170448,48,3551,,1,1,0,0.5720000000000001,9893,4.404999999999999,0.025147696287492135,0.096,0.00115360413899182,0.6299999999999999,11663.95625,-6256.426415094339,490.07058823529405,-22900.0,33225.0,0.3764705882352941,85,39297.33529411765,1000.0,73025.1,12622.471304730285,0,0,0,54,473,0
6044,57060,12,4755,,2,0,1,0.5720000000000001,9893,4.404999999999999,0.025147696287492135,0.096,0.00115360413899182,0.6299999999999999,14761.283333333333,-6542.785714285715,888.8662790697674,-40600.0,48032.0,0.3488372093023256,86,46000.645348837206,900.0,103606.4,21829.525560071197,0,0,0,54,415,0
5906,81144,36,2254,,1,0,0,0.5720000000000001,9893,4.404999999999999,0.025147696287492135,0.096,0.00115360413899182,0.6299999999999999,19066.253846153846,-17196.896,1290.2,-62500.0,48449.0,0.5098039215686274,51,67815.17450980392,200.0,127543.0,26169.159052547657,0,0,0,53,275,0
5561,437460,60,7291,,1,0,0,0.5720000000000001,9893,4.404999999999999,0.025147696287492135,0.096,0.00115360413899182,0.6299999999999999,24192.915,-13631.60606060606,641.7981132075472,-44500.0,65622.0,0.37735849056603776,53,48935.43584905661,900.0,101929.2,24396.93977244729,0,0,0,45,312,0
7115,88704,48,1848,,1,1,0,0.855,8624,2.225,0.03475789016117778,0.102,0.003649092302588682,0.8700000000000001,3398.8,-2282.9315789473685,102.52824427480915,-7000.0,11800.0,0.4198473282442748,131,18675.06030534351,800.0,32019.4,5238.6093862292455,0,0,0,36,670,0
6605,79344,48,1653,,1,0,0,0.855,8624,2.225,0.03475789016117778,0.102,0.003649092302588682,0.8700000000000001,3388.687234042553,-2228.696551724138,285.75142857142856,-6200.0,9686.0,0.44761904761904764,105,23918.494285714285,300.0,39445.1,6320.378998385796,0,0,0,46,567,0
7250,119136,48,2482,,1,0,0,0.623,9065,4.925,0.03645860744171359,0.123,0.00016665789519849832,0.9299999999999997,9609.479545454546,-5028.138666666667,384.0899159663866,-37000.0,45673.0,0.3697478991596639,119,42572.41008403361,1100.0,97010.1,16541.33759794592,0,0,0,33,641,0
6875,83280,48,1735,,1,0,0,0.623,9065,4.925,0.03645860744171359,0.123,0.00016665789519849832,0.9299999999999997,5796.187301587302,-4264.652631578947,295.2964028776978,-17500.0,23547.0,0.45323741007194246,139,39962.466187050355,700.0,69424.9,10772.622802819169,0,0,0,55,628,0
5773,133848,24,5577,,1,0,0,0.623,9065,4.925,0.03645860744171359,0.123,0.00016665789519849832,0.9299999999999997,12267.029545454547,-7790.632352941177,89.1633928571428,-49800.0,49440.0,0.39285714285714285,112,42220.02946428571,600.0,133750.5,33144.90770317254,0,0,0,37,697,0
5365,271260,60,4521,,1,0,1,0.623,9065,4.925,0.03645860744171359,0.123,0.00016665789519849832,0.9299999999999997,5431.845454545454,-4191.65,158.69726027397257,-12200.0,15400.0,0.4520547945205479,73,14873.378082191783,700.0,36763.1,7753.09729972205,0,0,0,27,458,0
6010,150180,60,2503,,2,0,1,0.519,8441,3.9650000000000003,0.018668148911363574,0.115,0.0033712028777238504,1.0300000000000002,12894.933333333334,-18877.25,4951.8875,-35000.0,36791.0,0.75,16,50892.0,200.0,92464.9,28282.838447204456,0,0,0,59,199,0
6399,49320,36,1370,,1,0,1,0.519,8441,3.9650000000000003,0.018668148911363574,0.115,0.0033712028777238504,1.0300000000000002,5840.286206896551,-2743.873076923077,329.46790123456793,-11700.0,15567.0,0.35802469135802467,81,35987.26296296296,900.0,49729.2,8500.999900341789,0,0,0,31,425,0
6748,240900,60,4015,,1,0,0,0.519,8441,3.9650000000000003,0.018668148911363574,0.115,0.0033712028777238504,1.0300000000000002,5791.309259259259,-4438.133333333333,165.11583333333334,-18600.0,25394.0,0.45,120,26268.19,700.0,59731.2,10061.747545354825,0,0,0,49,533,0
6088,90180,36,2505,,1,0,1,0.369,8594,1.815,0.021401690078714106,0.112,-0.0007581919190526737,0.3899999999999997,7366.6,-12366.666666666666,2812.769230769231,-15400.0,22544.0,0.7692307692307693,13,31516.346153846152,200.0,51813.7,14090.878545097617,0,0,0,36,138,0
7255,213300,60,3555,,1,0,0,0.369,8594,1.815,0.021401690078714106,0.112,-0.0007581919190526737,0.3899999999999997,12245.561538461538,-13497.28888888889,1714.3954545454546,-27400.0,36368.0,0.5909090909090909,22,37524.88636363636,800.0,64468.6,14909.062931918304,0,0,0,42,181,0
6861,215040,60,3584,,1,0,0,0.369,8594,1.815,0.021401690078714106,0.112,-0.0007581919190526737,0.3899999999999997,8020.378947368422,-6062.972727272727,463.45853658536583,-26100.0,32253.0,0.4634146341463415,82,37189.77195121951,1000.0,74896.6,12651.725211135925,0,0,0,37,403,0
5318,385584,48,8033,,1,1,1,0.369,8594,1.815,0.021401690078714106,0.112,-0.0007581919190526737,0.3899999999999997,13369.16111111111,-11028.114285714286,232.1666666666667,-61900.0,46716.0,0.46153846153846156,78,69656.36923076923,400.0,118267.7,23107.003039295298,0,0,0,23,502,0
5682,67464,12,5622,,1,0,1,0.877,9675,7.055,0.04197275543773356,0.1,-0.0010619949535277395,1.25,18374.679166666665,-11566.09696969697,1040.5456140350877,-36800.0,50602.0,0.42105263157894735,57,46016.19824561403,600.0,92407.6,19927.134835323803,0,0,0,61,359,0
7201,67464,12,5622,,1,0,1,0.877,9675,7.055,0.04197275543773356,0.1,-0.0010619949535277395,1.25,18378.274999999998,-11411.551515151516,1131.5333333333333,-36800.0,50602.0,0.42105263157894735,57,48557.38070175439,600.0,92407.6,19396.02562066001,0,0,0,61,359,0
6254,247920,48,5165,,1,0,0,0.877,9675,7.055,0.04197275543773356,0.1,-0.0010619949535277395,1.25,13086.33888888889,-9596.774468085106,241.68433734939762,-63800.0,42494.0,0.43373493975903615,83,54799.85662650602,1000.0,110892.1,24844.513821660523,0,0,1,55,412,0
7072,22104,12,1842,,1,0,0,0.877,9675,7.055,0.04197275543773356,0.1,-0.0010619949535277395,1.25,7411.3,-3041.0458333333336,538.5246575342467,-10400.0,20262.0,0.3424657534246575,73,44135.94383561644,700.0,61159.2,9993.711593699896,0,0,0,32,379,0
6312,10944,36,304,,1,0,1,0.877,9675,7.055,0.04197275543773356,0.1,-0.0010619949535277395,1.25,2522.514035087719,-1062.4833333333333,175.97030303030303,-10400.0,9100.0,0.34545454545454546,165,22935.07212121212,300.0,34557.9,5128.0615150032145,0,0,0,46,659,0
5241,125472,24,5228,,1,0,1,0.877,9675,7.055,0.04197275543773356,0.1,-0.0010619949535277395,1.25,13831.935897435897,-9002.968965517242,178.0752577319588,-60900.0,48868.0,0.4020618556701031,97,48989.18247422681,800.0,117375.0,29467.266709569773,0,0,0,57,393,0
5953,97176,24,4049,,1,0,0,0.6940000000000001,11277,1.345,0.045357604961406325,0.127,-0.001713291393387766,0.18999999999999995,25334.85,-26901.166666666668,5746.34375,-43900.0,68788.0,0.625,16,66376.85,400.0,106189.2,30559.927764356165,0,0,0,42,137,0
5072,196800,24,8200,,1,0,0,0.6940000000000001,11277,1.345,0.045357604961406325,0.127,-0.001713291393387766,0.18999999999999995,26756.733333333334,-25719.50909090909,1659.3999999999999,-49800.0,73802.0,0.5217391304347826,23,58669.50434782608,300.0,113888.0,28112.217725030623,0,0,0,36,199,0
6970,31620,60,527,,1,0,1,0.6940000000000001,11277,1.345,0.045357604961406325,0.127,-0.001713291393387766,0.18999999999999995,7541.1705882352935,-5115.99,699.4621621621621,-12600.0,20433.0,0.4594594594594595,37,27522.883783783782,500.0,45836.3,9910.18669121474,0,0,0,57,247,0
5774,96984,36,2694,,1,0,1,0.6940000000000001,11277,1.345,0.045357604961406325,0.127,-0.001713291393387766,0.18999999999999995,8668.466666666665,-4958.558823529412,244.4872727272727,-21000.0,24243.0,0.38181818181818183,55,21298.78,800.0,50063.3,11014.437192232273,0,0,0,26,287,0
5382,22932,36,637,,1,0,0,0.619,8363,3.005,0.01928970160849423,0.108,0.0016905015394354445,0.9700000000000002,6786.464705882353,-2886.6583333333333,1124.1487804878047,-11300.0,18980.0,0.4146341463414634,41,42536.88536585366,300.0,56308.4,12304.330318968216,0,0,0,43,223,0
5469,293160,60,4886,,1,0,0,0.619,8363,3.005,0.01928970160849423,0.108,0.0016905015394354445,0.9700000000000002,14180.866666666667,-10559.18909090909,153.0000000000001,-64500.0,47819.0,0.4329896907216495,97,49740.62371134021,800.0,131276.2,29394.413057581954,0,0,0,19,537,0
5772,334620,60,5577,,1,1,0,0.619,8363,3.005,0.01928970160849423,0.108,0.0016905015394354445,0.9700000000000002,16927.852941176472,-13212.744444444445,1426.9742857142858,-35300.0,50196.0,0.4857142857142857,35,64863.95428571428,1100.0,92028.2,22167.038821297436,0,0,0,36,243,0
5527,156420,60,2607,,2,0,1,0.619,8363,3.005,0.01928970160849423,0.108,0.0016905015394354445,0.9700000000000002,13797.428,-8497.263157894737,349.8365079365078,-33800.0,45976.0,0.3968253968253968,63,49909.15555555555,400.0,94694.7,17920.61636115787,0,0,0,41,344,0
5169,253200,60,4220,,1,0,1,0.619,8363,3.005,0.01928970160849423,0.108,0.0016905015394354445,0.9700000000000002,10017.161904761904,-4044.7543478260873,362.7119402985075,-34800.0,46619.0,0.31343283582089554,134,34086.20895522388,1000.0,96491.4,18873.407739340764,0,0,0,61,586,0
5526,69624,36,1934,,1,0,1,0.619,8363,3.005,0.01928970160849423,0.108,0.0016905015394354445,0.9700000000000002,10425.7,-3630.75,343.83241379310346,-43520.0,30375.0,0.2827586206896552,145,49145.707586206896,1100.0,74473.4,11919.240676953807,0,0,1,51,585,0
5931,66696,24,2779,,1,0,0,0.41700000000000004,8980,2.08,0.03746411101658868,0.111,-0.00014621437686091024,0.26,13156.942857142856,-11988.354545454546,291.90697674418607,-56600.0,47553.0,0.4883720930232558,43,51945.21627906976,1100.0,115744.9,29659.976520853583,0,0,0,30,239,0
5731,460980,60,7683,,1,0,0,0.41700000000000004,8980,2.08,0.03746411101658868,0.111,-0.00014621437686091024,0.26,13487.907692307692,-12013.784615384617,737.0615384615387,-31200.0,49137.0,0.5,26,45410.149999999994,400.0,103750.1,26778.69846068326,0,0,0,32,181,0
5651,19248,12,1604,,1,1,1,0.41700000000000004,8980,2.08,0.03746411101658868,0.111,-0.00014621437686091024,0.26,10271.306896551725,-5917.032558139535,603.2708333333334,-23680.0,28093.5,0.4027777777777778,72,36065.975000000006,200.0,60870.3,11241.910004472638,0,0,0,33,422,0
5569,504000,60,8400,,1,0,1,0.41700000000000004,8980,2.08,0.03746411101658868,0.111,-0.00014621437686091024,0.26,4445.108196721311,-3891.6539682539683,209.49516129032259,-10400.0,11500.0,0.49193548387096775,124,20942.59435483871,200.0,39172.5,7160.246306640331,0,0,0,26,664,0
6402,139488,24,5812,,2,0,1,0.41700000000000004,8980,2.08,0.03746411101658868,0.111,-0.00014621437686091024,0.26,17969.630769230767,-10043.984615384616,461.1211538461539,-33000.0,52305.0,0.375,104,46755.30576923077,1100.0,95976.0,22242.03424821573,0,0,0,29,573,0
6753,67980,12,5665,,1,0,0,0.483,8512,3.815,0.01728495136372306,0.102,-0.0011443829868395957,0.6100000000000003,7291.454545454545,-8166.666666666667,3979.0,-16800.0,26454.0,0.7857142857142857,14,34806.92142857143,400.0,55705.9,13611.996793054312,0,0,0,51,118,0
5585,88608,12,7384,,0,1,1,0.483,8512,3.815,0.01728495136372306,0.102,-0.0011443829868395957,0.6100000000000003,13038.187096774192,-10826.861111111111,215.17611940298505,-55000.0,49324.0,0.4626865671641791,134,51249.12985074627,900.0,148386.3,31799.726667341,0,0,0,50,632,0
7046,91632,12,7636,,1,1,1,0.614,8114,2.5,0.014744403337744053,0.119,0.0024033917528557157,0.2400000000000002,3354.7999999999997,-2753.7,213.2857142857143,-9100.0,8700.0,0.4857142857142857,70,17625.444285714286,300.0,29167.6,6505.144392712535,0,0,0,53,365,0
6486,152160,60,2536,,1,1,0,0.614,8114,2.5,0.014744403337744053,0.119,0.0024033917528557157,0.2400000000000002,7997.248888888889,-4472.231578947368,165.17851239669417,-13600.0,22821.0,0.371900826446281,121,28077.73140495868,500.0,56534.6,9880.246623423533,0,0,0,49,632,0
5893,86184,36,2394,,2,0,1,0.614,8114,2.5,0.014744403337744053,0.119,0.0024033917528557157,0.2400000000000002,7639.682352941177,-4618.9,342.90714285714284,-27900.0,21550.0,0.40476190476190477,84,28459.64523809524,300.0,48830.7,10103.07827153786,0,0,0,29,477,0
5868,90156,12,7513,,1,1,0,0.484,8173,7.01,0.03171341164381962,0.124,0.0,0.0,24451.05769230769,-14297.6358974359,1201.8415384615382,-44900.0,67614.0,0.4,65,77525.11692307692,700.0,130981.4,23284.240690745162,0,0,0,50,383,0
5281,194256,24,8094,,1,0,1,0.484,8173,7.01,0.03171341164381962,0.124,0.0,0.0,15933.742857142857,-10571.11282051282,505.5432835820896,-63100.0,48954.0,0.417910447761194,134,51370.480597014925,400.0,134156.7,27095.340184743734,0,0,0,29,689,0
7100,348120,60,5802,,1,0,0,0.484,8173,7.01,0.03171341164381962,0.124,0.0,0.0,19547.32307692308,-11656.635897435897,824.9476923076921,-60500.0,52221.0,0.4,65,58819.487692307695,600.0,111159.5,22066.35064076996,0,0,0,35,395,0
6866,122472,24,5103,,1,0,0,0.484,8173,7.01,0.03171341164381962,0.124,0.0,0.0,15254.487234042554,-10601.44,248.81517857142853,-68400.0,64503.0,0.41964285714285715,112,48395.94017857143,1000.0,106089.9,20832.49060008441,0,0,0,37,465,0
6436,495180,60,8253,,1,0,0,0.484,8173,7.01,0.03171341164381962,0.124,0.0,0.0,26640.335714285717,-19925.24705882353,1104.3709677419354,-58700.0,74278.0,0.45161290322580644,31,44813.422580645165,600.0,111650.4,28179.088478784048,0,0,0,18,222,0
5784,84600,36,2350,,1,0,1,1.0,9897,1.78,0.04827128002683386,0.14,-6.450447661067678e-05,0.3599999999999999,12583.75,-8847.599999999999,528.6156250000001,-35000.0,46979.0,0.4375,32,41766.69375,900.0,105258.8,28843.33189907088,0,0,0,58,188,0
5174,385104,48,8023,,1,0,0,1.0,9897,1.78,0.04827128002683386,0.14,-6.450447661067678e-05,0.3599999999999999,26296.820588235296,-12387.54705882353,507.24215686274493,-42800.0,72206.0,0.3333333333333333,102,47433.4205882353,1000.0,121006.5,24768.34808683377,0,0,0,40,516,0
6350,294384,48,6133,,1,0,0,1.0,9897,1.78,0.04827128002683386,0.14,-6.450447661067678e-05,0.3599999999999999,17758.787037037036,-12158.146666666667,365.2209302325582,-63900.0,49771.0,0.4186046511627907,129,61692.07751937985,1100.0,135487.1,26376.133504852813,0,0,0,30,553,0
5063,357840,48,7455,,1,0,0,1.0,9897,1.78,0.04827128002683386,0.14,-6.450447661067678e-05,0.3599999999999999,5050.0,0.0,5050.0,600.0,9500.0,1.0,2,5350.0,600.0,10100.0,6717.514421272202,0,0,0,56,102,0
6249,67608,24,2817,,1,1,0,1.0,9897,1.78,0.04827128002683386,0.14,-6.450447661067678e-05,0.3599999999999999,8868.415384615384,-9808.36,748.0782608695654,-21700.0,25356.0,0.5652173913043478,23,30181.31739130435,200.0,54658.1,11585.481244316574,0,0,0,34,189,0
5808,41856,48,872,,1,0,0,1.0,9897,1.78,0.04827128002683386,0.14,-6.450447661067678e-05,0.3599999999999999,10136.810714285715,-3290.152,359.8961165048544,-15900.0,27216.0,0.27184466019417475,103,38559.264077669905,800.0,56921.0,10181.211719891966,0,0,0,36,431,0
6984,116040,60,1934,,1,1,0,1.0,9897,1.78,0.04827128002683386,0.14,-6.450447661067678e-05,0.3599999999999999,5604.505882352942,-2850.5363636363636,834.9948717948716,-9800.0,16041.0,0.4358974358974359,39,29865.18974358974,900.0,42494.9,8523.994736371058,0,0,0,57,226,0
6922,83628,36,2323,,1,0,0,1.0,9897,1.78,0.04827128002683386,0.14,-6.450447661067678e-05,0.3599999999999999,7395.458823529412,-5558.517647058824,918.4705882352941,-15400.0,20904.0,0.5,34,29077.814705882352,500.0,53379.4,10160.935911263663,0,0,0,19,239,0
5367,83628,36,2323,,1,0,0,1.0,9897,1.78,0.04827128002683386,0.14,-6.450447661067678e-05,0.3599999999999999,7394.676470588235,-5523.2235294117645,935.7264705882353,-15400.0,20904.0,0.5,34,29052.608823529412,500.0,51781.0,9815.036532338121,0,0,0,19,239,0
6625,473280,60,7888,,1,0,0,1.0,9897,1.78,0.04827128002683386,0.14,-6.450447661067678e-05,0.3599999999999999,9128.41304347826,-9202.95,602.1976744186047,-55900.0,46632.0,0.5348837209302325,43,52777.34186046512,500.0,109736.4,27659.861928030834,0,0,0,30,254,0
5963,204780,60,3413,,1,0,1,1.0,9897,1.78,0.04827128002683386,0.14,-6.450447661067678e-05,0.3599999999999999,16624.814285714285,-15926.28888888889,3887.426086956522,-46400.0,49675.0,0.6086956521739131,23,48890.17826086957,200.0,129449.6,26678.762987643742,0,0,0,44,198,0
6534,590820,60,9847,,1,0,1,1.0,9897,1.78,0.04827128002683386,0.14,-6.450447661067678e-05,0.3599999999999999,6223.886956521739,-3929.8338461538465,278.0144144144144,-11400.0,15914.0,0.4144144144144144,111,27937.97837837838,300.0,45146.0,7850.946892728123,0,0,0,30,521,0
6730,93036,12,7753,,1,0,0,1.0,9897,1.78,0.04827128002683386,0.14,-6.450447661067678e-05,0.3599999999999999,17272.886666666665,-12200.203389830509,552.5759615384616,-45200.0,69780.0,0.4326923076923077,104,53890.64326923077,400.0,104865.3,24474.845483946592,0,0,0,17,447,0
6054,58764,12,4897,,1,1,0,1.0,9897,1.78,0.04827128002683386,0.14,-6.450447661067678e-05,0.3599999999999999,8814.752380952381,-9995.2,1622.7117647058822,-32000.0,49991.0,0.6176470588235294,34,32543.264705882353,700.0,71290.0,17349.90475128658,0,0,0,52,507,0
7295,280440,60,4674,,1,0,0,1.0,9897,1.78,0.04827128002683386,0.14,-6.450447661067678e-05,0.3599999999999999,9510.687234042553,-7045.745762711865,295.31415094339627,-61000.0,44135.0,0.44339622641509435,106,38619.102830188676,1000.0,102466.2,17484.955759479184,0,0,0,45,620,0
5878,74040,12,6170,,1,0,0,0.564,8746,3.535,0.024139276041466377,0.09,0.0004285078587242552,0.41000000000000014,12563.852272727272,-3544.515068493151,185.8436842105263,-20160.0,36486.0,0.23157894736842105,190,44234.82947368421,600.0,73209.0,12482.603185529077,0,0,0,41,636,0
6655,260400,60,4340,,1,0,0,0.564,8746,3.535,0.024139276041466377,0.09,0.0004285078587242552,0.41000000000000014,14784.772093023255,-7317.738095238095,165.78897637795268,-51500.0,48399.0,0.33858267716535434,127,37448.404724409455,600.0,111670.7,22540.647194729765,0,0,0,47,557,0
5956,168264,36,4674,,1,0,1,0.564,8746,3.535,0.024139276041466377,0.09,0.0004285078587242552,0.41000000000000014,14139.515384615386,-13021.1,1102.42,-28100.0,42068.0,0.52,25,40044.576,700.0,70585.8,17004.86638936729,0,0,0,47,204,0
6926,374760,60,6246,,1,1,1,0.564,8746,3.535,0.024139276041466377,0.09,0.0004285078587242552,0.41000000000000014,19529.68125,-7237.82,410.03749999999997,-51900.0,56212.0,0.2857142857142857,112,56102.47410714285,1000.0,102667.1,20395.42933231177,0,0,0,46,461,0
5140,178500,60,2975,,1,0,0,0.564,8746,3.535,0.024139276041466377,0.09,0.0004285078587242552,0.41000000000000014,3860.5440000000003,-1977.3333333333333,303.08750000000003,-7100.0,10416.0,0.390625,64,21491.790625,1000.0,39315.6,8412.09621056391,0,0,0,26,304,0
5520,231168,48,4816,,1,0,0,0.564,8746,3.535,0.024139276041466377,0.09,0.0004285078587242552,0.41000000000000014,24247.254999999997,-8889.278846153846,315.3138888888888,-54100.0,67348.0,0.2777777777777778,144,54598.83888888889,300.0,122436.6,22041.38307704004,0,0,1,20,613,0
5110,102240,60,1704,,1,1,0,0.636,8757,3.665,0.021449378916126194,0.096,0.002372577040049833,0.5700000000000003,4780.981132075472,-2994.8438356164384,275.93968253968256,-14400.0,14307.0,0.42063492063492064,126,29946.995238095238,900.0,43627.3,7804.9007299963205,0,0,0,51,607,0
5681,68664,24,2861,,2,1,0,0.636,8757,3.665,0.021449378916126194,0.096,0.002372577040049833,0.5700000000000003,9671.15,-5895.162790697675,501.95205479452056,-26600.0,48806.0,0.410958904109589,73,36855.823287671235,700.0,72649.2,15663.928694070413,0,0,0,17,501,0
5698,174840,60,2914,,1,0,0,0.636,8757,3.665,0.021449378916126194,0.096,0.002372577040049833,0.5700000000000003,8555.574193548387,-4241.371428571429,318.4597701149425,-18641.0,26224.0,0.3563218390804598,87,34822.46896551724,1100.0,64669.5,11111.778628662372,0,0,0,47,389,0
5210,148140,36,4115,,2,0,0,0.413,8598,3.0149999999999997,0.03219524860443983,0.123,0.005155690732738636,0.48999999999999977,12778.078571428572,-6716.539473684211,222.22288135593217,-25800.0,37032.0,0.3559322033898305,118,40688.34830508474,1000.0,78468.6,13220.371518330689,0,0,0,35,615,0
6059,79824,12,6652,,2,0,1,0.413,8598,3.0149999999999997,0.03219524860443983,0.123,0.005155690732738636,0.48999999999999977,17362.485714285714,-12059.117647058823,1228.0580645161292,-55100.0,43125.0,0.45161290322580644,31,49309.00967741936,300.0,121592.6,26233.474473140293,0,0,0,41,182,0
6569,45456,12,3788,,1,0,0,0.413,8598,3.0149999999999997,0.03219524860443983,0.123,0.005155690732738636,0.48999999999999977,12046.313043478262,-6665.59393939394,1019.6535714285714,-29400.0,34095.0,0.4107142857142857,56,39247.387500000004,1000.0,80996.4,18467.46455474465,0,0,0,51,329,0
5428,230220,36,6395,,1,0,1,0.413,8598,3.0149999999999997,0.03219524860443983,0.123,0.005155690732738636,0.48999999999999977,19042.51875,-13160.269662921348,310.1777777777777,-58400.0,49535.0,0.41830065359477125,153,64923.162745098045,200.0,141146.2,28758.36270441695,0,0,1,48,662,0
7230,18720,60,312,,1,1,1,0.617,8554,2.575,0.022758768322498506,0.113,0.004461619928569014,0.20999999999999996,6584.811111111111,-3092.433333333333,1054.9571428571428,-11900.0,19137.0,0.42857142857142855,42,40748.34523809524,300.0,58660.4,11470.114892915597,0,0,0,36,247,0
7221,152460,60,2541,,2,0,0,0.617,8554,2.575,0.022758768322498506,0.113,0.004461619928569014,0.20999999999999996,7566.463888888889,-3204.2804878048782,81.70932203389832,-15200.0,22868.0,0.3050847457627119,118,20874.116101694915,600.0,52438.0,9790.925693713745,0,0,0,46,481,0
5005,27456,12,2288,,2,0,1,0.6970000000000001,8678,5.75,0.029694157926401905,0.102,-0.002387937504264174,-0.35999999999999943,17061.185185185186,-8841.0625,483.74666666666667,-61900.0,47395.0,0.36,75,48780.096000000005,800.0,111282.3,24959.844822572028,0,0,0,29,241,0
6464,49488,24,2062,,1,0,0,0.6970000000000001,8678,5.75,0.029694157926401905,0.102,-0.002387937504264174,-0.35999999999999943,10318.111111111111,-9019.271428571428,1858.0062500000001,-25200.0,30969.0,0.5625,32,50541.553125,300.0,79862.9,18485.31283321777,0,0,1,56,217,0
5034,112752,36,3132,,1,0,0,0.6970000000000001,8678,5.75,0.029694157926401905,0.102,-0.002387937504264174,-0.35999999999999943,8185.510638297872,-4095.148780487805,379.20000000000005,-35360.0,23108.0,0.3643410852713178,129,44659.6496124031,900.0,68401.9,11387.127112028216,0,0,0,42,674,0
5304,172272,24,7178,,1,0,1,0.6970000000000001,8678,5.75,0.029694157926401905,0.102,-0.002387937504264174,-0.35999999999999943,24081.25909090909,-13855.260606060605,1319.3472727272726,-60600.0,65892.0,0.4,55,61146.523636363636,300.0,126478.3,22317.59647813194,0,0,0,55,331,0
6871,164256,48,3422,,1,1,1,0.365,9622,0.52,0.04630009122519402,0.154,0.0007139363010166982,0.13999999999999996,8673.240425531914,-7533.745098039216,238.99285714285713,-40400.0,49398.0,0.47959183673469385,98,42341.63775510204,600.0,116637.5,19753.53991751057,0,0,0,24,468,0
6956,59448,24,2477,,1,0,1,0.365,9622,0.52,0.04630009122519402,0.154,0.0007139363010166982,0.13999999999999996,7081.49268292683,-4932.138461538461,364.19354838709677,-24204.0,22292.0,0.44086021505376344,93,29114.622580645162,200.0,67122.1,14649.67811136306,0,0,0,39,502,0
6495,49044,12,4087,,1,0,0,0.365,9622,0.52,0.04630009122519402,0.154,0.0007139363010166982,0.13999999999999996,17601.454545454544,-15312.29090909091,1144.5818181818186,-42600.0,44748.0,0.5,22,49296.52272727273,400.0,105561.0,25514.535100547644,0,0,0,44,165,0
5363,293880,60,4898,,2,0,0,0.747,9624,1.955,0.022194430210198936,0.145,-0.0011111167484360652,0.71,13022.848717948717,-9962.666666666666,-2.2766666666668143,-40100.0,47725.0,0.43333333333333335,90,53227.14444444444,-2804.8,132818.3,34779.1174455518,1,1,0,22,531,0
5634,39024,12,3252,,1,0,1,0.747,9624,1.955,0.022194430210198936,0.145,-0.0011111167484360652,0.71,15311.553191489362,-7687.876404494382,260.45588235294116,-58400.0,49768.0,0.34558823529411764,136,60289.9544117647,300.0,134678.1,24639.677624078195,0,0,0,60,530,0
5850,164196,36,4561,,0,0,0,0.747,9624,1.955,0.022194430210198936,0.145,-0.0011111167484360652,0.71,12491.942857142858,-12704.904761904761,1693.2938775510204,-63500.0,44764.0,0.5714285714285714,49,49558.68571428572,500.0,119068.0,29113.13867282119,0,0,0,40,473,0
6857,69600,48,1450,,1,1,1,0.747,9624,1.955,0.022194430210198936,0.145,-0.0011111167484360652,0.71,5788.402702702702,-2480.088888888889,326.6467889908257,-16800.0,24328.5,0.3394495412844037,218,40349.88486238533,700.0,71208.5,10524.344981804665,0,0,0,29,675,0
7035,210744,36,5854,,1,0,1,0.747,9624,1.955,0.022194430210198936,0.145,-0.0011111167484360652,0.71,19853.18125,-12429.51304347826,814.6692307692307,-33900.0,52688.0,0.41025641025641024,39,51175.192307692305,200.0,87392.9,20060.060760158605,0,0,0,19,242,0
7253,98304,12,8192,,1,0,1,0.569,8427,1.33,0.020158414155071275,0.107,0.00041519839030777913,0.41999999999999993,23771.429268292683,-12920.594444444445,392.44070796460164,-64100.0,73724.0,0.36283185840707965,113,66405.07079646018,300.0,125191.7,25389.78426954882,0,0,0,26,533,0
6544,130464,48,2718,,1,0,1,0.569,8427,1.33,0.020158414155071275,0.107,0.00041519839030777913,0.41999999999999993,15345.596153846154,-5503.903597122302,172.40000000000003,-44000.0,48126.0,0.27225130890052357,191,53546.70890052356,1000.0,132087.5,24632.060431052567,0,0,0,23,664,0
7202,140688,48,2931,,1,1,1,0.569,8427,1.33,0.020158414155071275,0.107,0.00041519839030777913,0.41999999999999993,13646.147222222222,-9521.665306122448,290.58470588235303,-40700.0,48538.0,0.4235294117647059,85,54575.39882352942,300.0,140245.8,28027.564719301634,0,0,0,56,416,0
5683,140688,48,2931,,1,1,1,0.569,8427,1.33,0.020158414155071275,0.107,0.00041519839030777913,0.41999999999999993,13647.922222222223,-9478.808163265305,316.0423529411764,-40700.0,48538.0,0.4235294117647059,85,57514.34705882353,300.0,144580.4,27755.30323498723,0,0,0,56,416,0
7167,269964,36,7499,,1,0,0,0.569,8427,1.33,0.020158414155071275,0.107,0.00041519839030777913,0.41999999999999993,24508.541666666668,-10230.219607843137,886.1840000000001,-47000.0,67488.0,0.32,75,61366.869333333336,400.0,120646.8,22661.358296060393,0,0,1,19,341,0
6055,399120,60,6652,,1,0,0,0.6459999999999999,8819,5.52,0.03103628144198447,0.099,0.003202156021792048,0.28000000000000025,9448.110714285713,-7686.425,309.69166666666666,-30200.0,36305.0,0.4666666666666667,60,42435.31166666667,300.0,85656.2,20693.645824426647,0,0,0,54,450,0
7199,45768,12,3814,,1,1,1,0.6459999999999999,8819,5.52,0.03103628144198447,0.099,0.003202156021792048,0.28000000000000025,18191.955319148936,-7864.977777777778,523.2130136986302,-57600.0,48560.0,0.3219178082191781,146,59138.441780821915,900.0,150977.5,25823.684557712564,0,0,0,53,447,0
5758,307200,60,5120,,1,0,1,0.509,8240,3.045,0.01738933009609771,0.099,0.00049114548099823,1.0300000000000002,15416.589285714286,-10540.52,147.7014705882354,-61400.0,49725.0,0.4117647058823529,68,44484.075000000004,200.0,142668.1,32135.847571582624,0,0,0,35,374,0
5718,14028,12,1169,,1,0,0,0.509,8240,3.045,0.01738933009609771,0.099,0.00049114548099823,1.0300000000000002,8270.745833333332,-3196.396296296296,331.95512820512823,-19040.0,23964.0,0.3076923076923077,156,51802.019230769234,400.0,75383.2,10744.592560408064,0,0,0,51,674,0
5229,23520,12,1960,,1,1,1,0.509,8240,3.045,0.01738933009609771,0.099,0.00049114548099823,1.0300000000000002,6154.358333333334,-3297.876923076923,302.9746031746032,-11200.0,17642.0,0.38095238095238093,63,25967.495238095238,500.0,44667.0,7748.942858772759,0,0,0,55,355,0
5236,389136,48,8107,,1,0,1,0.509,8240,3.045,0.01738933009609771,0.099,0.00049114548099823,1.0300000000000002,26478.837499999998,-14650.584210526315,1270.4822580645161,-57700.0,72966.0,0.3870967741935484,62,59749.88387096774,700.0,126403.5,25629.232333675274,0,0,0,30,354,0
5360,176328,36,4898,,1,1,1,0.509,8240,3.045,0.01738933009609771,0.099,0.00049114548099823,1.0300000000000002,15968.643902439026,-4756.084615384615,213.00233918128652,-26500.0,44084.0,0.23976608187134502,171,47164.91871345029,400.0,87431.8,16696.592829496705,0,0,0,54,625,0
6755,170700,60,2845,,1,0,1,0.509,8240,3.045,0.01738933009609771,0.099,0.00049114548099823,1.0300000000000002,6120.104255319149,-5915.25909090909,300.80769230769226,-19896.0,25605.0,0.5164835164835165,91,28620.397802197804,400.0,56839.2,11546.84422375008,0,0,0,26,432,0
6819,50112,24,2088,,1,0,1,0.728,9538,1.6600000000000001,0.03533337433878706,0.111,-0.004114897281338418,0.30000000000000004,8301.207142857143,-23800.0,4288.556250000001,-25900.0,46534.0,0.875,16,46214.125,900.0,102693.8,27989.629822572977,0,0,0,49,108,0
5041,369000,60,6150,,2,0,0,0.728,9538,1.6600000000000001,0.03533337433878706,0.111,-0.004114897281338418,0.30000000000000004,11173.014285714286,-3999.4508196721313,348.21461988304094,-25000.0,47415.0,0.28654970760233917,171,48648.401169590645,700.0,110827.3,19732.115097790942,0,0,0,23,633,0
6104,158184,36,4394,,1,0,1,0.728,9538,1.6600000000000001,0.03533337433878706,0.111,-0.004114897281338418,0.30000000000000004,10664.952631578948,-6604.368421052632,303.35999999999996,-52400.0,48437.0,0.4,95,47679.97368421053,400.0,103426.7,21180.710272552995,0,0,0,44,497,0
6643,35856,24,1494,,1,0,0,0.728,9538,1.6600000000000001,0.03533337433878706,0.111,-0.004114897281338418,0.30000000000000004,11881.968571428572,-5642.253333333333,814.0389473684211,-24700.0,33024.0,0.3684210526315789,95,55660.65578947368,600.0,81244.2,13977.180083878635,0,0,0,30,519,0
6083,240528,48,5011,,1,0,1,0.728,9538,1.6600000000000001,0.03533337433878706,0.111,-0.004114897281338418,0.30000000000000004,16054.875675675676,-10807.570370370371,114.52307692307691,-34900.0,45100.0,0.4065934065934066,91,41135.01098901099,600.0,86334.9,18746.193751902756,0,0,0,41,561,0
5293,189792,48,3954,,1,0,1,0.728,9538,1.6600000000000001,0.03533337433878706,0.111,-0.004114897281338418,0.30000000000000004,11621.51489361702,-6279.143209876543,293.75468750000005,-23200.0,35589.0,0.3671875,128,34760.22890625,500.0,78411.8,14092.496457274405,0,0,0,58,635,0
7088,239160,60,3986,,1,0,1,0.43799999999999994,8561,0.97,0.016018306636155607,0.11,0.0014562096941959641,0.64,12044.596666666668,-4377.986842105263,269.9141509433962,-29600.0,35871.0,0.2830188679245283,106,37233.14339622642,500.0,77714.9,12741.368623959617,0,0,0,50,437,0
7001,300600,60,5010,,1,0,0,0.43799999999999994,8561,0.97,0.016018306636155607,0.11,0.0014562096941959641,0.64,15627.82142857143,-5427.653731343284,778.1705263157896,-28400.0,45094.0,0.29473684210526313,95,53217.72947368421,400.0,104169.8,20909.130855309148,0,0,1,33,398,0
5779,107352,36,2982,,2,0,0,0.43799999999999994,8561,0.97,0.016018306636155607,0.11,0.0014562096941959641,0.64,11898.48,-12161.692307692309,727.6857142857143,-41200.0,48282.0,0.5357142857142857,84,57995.119047619046,600.0,151251.4,31107.14727280795,0,0,0,57,522,0
6607,153144,36,4254,,1,0,1,0.43799999999999994,8561,0.97,0.016018306636155607,0.11,0.0014562096941959641,0.64,18914.78947368421,-8951.115789473684,337.519298245614,-53000.0,49910.0,0.3333333333333333,171,58553.67719298246,300.0,133011.5,25207.977930295026,0,0,1,28,560,0
5103,12540,12,1045,,1,1,0,0.43799999999999994,8561,0.97,0.016018306636155607,0.11,0.0014562096941959641,0.64,7704.804444444445,-2730.411214953271,358.96184210526314,-20160.0,21987.0,0.29605263157894735,152,41922.046710526316,200.0,57779.4,9731.975450036936,0,0,1,57,623,0
6215,78720,48,1640,,1,0,0,0.43799999999999994,8561,0.97,0.016018306636155607,0.11,0.0014562096941959641,0.64,12073.734615384614,-5504.373333333333,932.6802816901409,-21600.0,32116.0,0.36619718309859156,71,45921.1985915493,1000.0,66220.2,11738.93503503245,0,0,0,54,377,0
7096,37812,12,3151,,1,0,0,0.43799999999999994,8561,0.97,0.016018306636155607,0.11,0.0014562096941959641,0.64,19395.34,-11279.4875,518.5230769230769,-54100.0,49874.0,0.38461538461538464,130,54062.07923076923,900.0,126763.3,25528.823087216588,0,0,0,33,489,0
5039,66840,24,2785,,0,1,0,0.519,9045,3.365,0.03166882100823185,0.124,0.0005782706306551466,0.4700000000000002,17671.83823529412,-9636.133333333333,241.21808510638297,-59900.0,55346.0,0.3617021276595745,94,38819.32021276596,700.0,109016.3,18712.608852566682,0,0,0,58,463,0
6136,140880,60,2348,,1,0,1,0.519,9045,3.365,0.03166882100823185,0.124,0.0005782706306551466,0.4700000000000002,13300.71111111111,-9026.136,319.98604651162793,-38900.0,49763.0,0.4186046511627907,43,45160.51162790698,800.0,122247.8,26253.234957721645,0,0,0,40,251,0
6078,170832,48,3559,,1,0,1,0.519,9045,3.365,0.03166882100823185,0.124,0.0005782706306551466,0.4700000000000002,23731.334782608694,-11754.647619047619,801.9307692307691,-47400.0,67833.0,0.35384615384615387,65,65037.92923076924,700.0,121425.0,23103.4898583507,0,0,0,28,356,0
6037,53232,48,1109,,1,0,1,0.626,8994,4.295,0.041747375310673,0.11,-0.0020519896339144354,0.9900000000000002,4457.838,-1872.7920000000001,237.41799999999998,-15360.0,12613.5,0.3333333333333333,150,30896.00266666667,1100.0,49865.1,8130.29349668723,0,0,0,32,638,0
6113,78696,36,2186,,1,0,0,0.626,8994,4.295,0.041747375310673,0.11,-0.0020519896339144354,0.9900000000000002,6538.1,-2732.672,885.1902439024391,-13752.0,19674.0,0.3902439024390244,41,40292.34146341463,1000.0,56765.7,12443.954613806967,0,0,0,26,224,0
5976,465504,48,9698,,1,0,1,0.626,8994,4.295,0.041747375310673,0.11,-0.0020519896339144354,0.9900000000000002,7870.7793103448275,-3701.3719298245614,200.86511627906978,-16200.0,24735.0,0.3372093023255814,86,26347.124418604653,1100.0,49947.4,9532.79994740063,0,0,0,35,374,0
7139,23412,12,1951,,1,1,1,0.626,8994,4.295,0.041747375310673,0.11,-0.0020519896339144354,0.9900000000000002,13270.7375,-5373.741573033708,407.4922480620155,-37120.0,35865.0,0.31007751937984496,129,54304.50852713179,800.0,88158.1,14228.94749867343,0,0,1,42,603,0
5046,42816,12,3568,,1,1,1,0.626,8994,4.295,0.041747375310673,0.11,-0.0020519896339144354,0.9900000000000002,3551.148780487805,-2884.1045454545456,219.95882352941177,-8400.0,10486.0,0.4823529411764706,85,17076.756470588236,1100.0,31616.5,5320.731429813169,0,0,0,61,458,0
5451,159744,48,3328,,1,0,0,0.653,8968,3.09,0.025813660730703406,0.131,0.002404560177654564,0.52,14929.380000000001,-13103.246153846154,1914.2321428571427,-42000.0,42869.0,0.5357142857142857,28,56388.81071428571,600.0,105953.6,27438.99690378963,0,0,0,24,280,0
6856,163332,36,4537,,1,0,1,0.653,8968,3.09,0.025813660730703406,0.131,0.002404560177654564,0.52,8467.611764705882,-8446.175,266.9878787878788,-28700.0,48983.0,0.5151515151515151,66,29463.690909090907,600.0,69553.7,16549.387498177668,0,0,0,61,443,0
5253,100080,48,2085,,1,0,0,0.43700000000000006,8403,5.73,0.02134413309982487,0.105,0.0049124343257443085,-0.020000000000000462,5230.3375,-5950.0,2994.2699999999995,-8800.0,12508.0,0.8,10,22604.34,300.0,38628.6,11029.074077606574,0,0,0,31,103,0
6695,309660,60,5161,,1,1,0,0.705,8541,2.74,0.030074540579104036,0.131,0.0028126973193272485,0.4600000000000004,9669.86923076923,-20225.0,2635.7823529411767,-27900.0,30967.0,0.7647058823529411,17,40151.711764705884,1100.0,70963.2,16132.820182274487,0,0,0,38,136,0
6621,42900,12,3575,,1,1,1,0.705,8541,2.74,0.030074540579104036,0.131,0.0028126973193272485,0.4600000000000004,16098.23076923077,-8629.416363636365,555.1382857142856,-63700.0,49432.0,0.37142857142857144,175,50590.532,500.0,155065.5,30497.265818290976,0,0,0,32,646,0
6435,288720,48,6015,,1,0,1,0.705,8541,2.74,0.030074540579104036,0.131,0.0028126973193272485,0.4600000000000004,19650.25,-14846.066666666668,4866.114285714286,-32000.0,54138.0,0.5714285714285714,21,54677.28095238095,400.0,102188.4,22227.416323644524,0,0,0,54,172,0
5389,78600,24,3275,,1,0,1,0.705,8541,2.74,0.030074540579104036,0.131,0.0028126973193272485,0.4600000000000004,10078.063636363637,-14600.0,4789.907142857142,-18600.0,29474.0,0.7857142857142857,14,42902.40714285714,800.0,67058.7,21203.475509252803,0,0,0,41,136,0
6872,191580,60,3193,,1,0,0,0.705,8541,2.74,0.030074540579104036,0.131,0.0028126973193272485,0.4600000000000004,2198.8650000000002,-2671.06,575.5566666666667,-6500.0,7500.0,0.6666666666666666,30,18241.44,900.0,28098.6,6812.897166080388,0,0,0,32,176,0
6908,188616,24,7859,,1,1,1,0.621,8444,3.3550000000000004,0.022503697035941617,0.106,-0.0026637029144583957,0.22999999999999998,6857.425,-9438.46956521739,908.1301587301587,-39900.0,49720.0,0.6349206349206349,63,45805.5,900.0,125455.0,25098.117918397915,0,0,0,58,583,0
6942,18324,12,1527,,1,1,0,0.621,8444,3.3550000000000004,0.022503697035941617,0.106,-0.0026637029144583957,0.22999999999999998,11270.390000000001,-5479.910714285715,363.2174418604651,-23600.0,30489.0,0.3488372093023256,86,31402.28372093023,700.0,54764.2,11502.50496987873,0,0,0,46,430,0
6665,99300,60,1655,,1,0,0,0.621,8444,3.3550000000000004,0.022503697035941617,0.106,-0.0026637029144583957,0.22999999999999998,10091.195555555556,-4261.658585858586,223.6083333333334,-21500.0,27963.0,0.3125,144,39110.67083333333,600.0,60868.8,10455.933721211133,0,0,0,24,671,0
6541,153504,48,3198,,1,0,1,0.621,8444,3.3550000000000004,0.022503697035941617,0.106,-0.0026637029144583957,0.22999999999999998,10267.271428571428,-4364.752631578947,248.94864864864874,-17900.0,28780.0,0.3153153153153153,111,33651.1036036036,300.0,65101.8,12123.175982149585,0,0,0,21,502,0
6688,8616,24,359,,1,0,1,0.621,8444,3.3550000000000004,0.022503697035941617,0.106,-0.0026637029144583957,0.22999999999999998,4643.489189189189,-3395.8380952380953,369.41645569620255,-14200.0,19051.5,0.46835443037974683,79,24946.635443037972,400.0,45336.9,7487.80051800565,0,0,0,21,372,0
5368,44640,24,1860,,1,0,1,0.621,8444,3.3550000000000004,0.022503697035941617,0.106,-0.0026637029144583957,0.22999999999999998,8779.232142857143,-5296.702564102564,585.7776119402986,-40000.0,25912.5,0.417910447761194,67,41154.27910447762,600.0,65663.5,12074.395888828676,0,0,0,41,417,0
6923,44640,24,1860,,1,0,1,0.621,8444,3.3550000000000004,0.022503697035941617,0.106,-0.0026637029144583957,0.22999999999999998,8779.110714285714,-5327.471794871794,567.8164179104479,-40000.0,25912.5,0.417910447761194,67,41961.44925373134,600.0,65444.3,12613.770886090317,0,0,0,41,417,0
6313,150912,36,4192,,1,1,0,0.52,8187,5.140000000000001,0.02074379440399965,0.094,0.00010720307185529534,0.6200000000000001,12075.023333333334,-8608.47027027027,652.7955223880598,-50600.0,46089.0,0.44776119402985076,67,52250.26119402985,700.0,111219.3,24634.963971613874,0,0,0,21,333,0
5270,191088,48,3981,,1,0,1,0.52,8187,5.140000000000001,0.02074379440399965,0.094,0.00010720307185529534,0.6200000000000001,9769.768965517242,-4998.599999999999,492.2038461538462,-18100.0,27111.0,0.3717948717948718,78,32688.033333333333,500.0,57550.1,11262.531250822682,0,0,0,34,408,0
5446,48312,24,2013,,1,0,1,0.52,8187,5.140000000000001,0.02074379440399965,0.094,0.00010720307185529534,0.6200000000000001,6374.2555555555555,-5013.45306122449,438.10957446808516,-13400.0,18117.0,0.4787234042553192,94,31897.432978723406,600.0,53030.3,9079.326169130605,0,0,0,38,503,0
5817,100800,24,4200,,1,0,1,0.52,8187,5.140000000000001,0.02074379440399965,0.094,0.00010720307185529534,0.6200000000000001,9040.045454545454,-4772.676190476191,-24.55312499999992,-34500.0,45402.0,0.34375,64,26649.7703125,-1571.5,92354.7,22080.256063155182,1,1,0,59,469,0
7209,385560,60,6426,,1,0,1,0.52,8187,5.140000000000001,0.02074379440399965,0.094,0.00010720307185529534,0.6200000000000001,6740.071428571428,-9395.316666666668,176.52372881355936,-27100.0,43502.0,0.5932203389830508,59,29028.266101694913,700.0,66054.9,19243.809938833172,0,0,0,41,424,0
6568,220440,60,3674,,2,0,0,0.52,8187,5.140000000000001,0.02074379440399965,0.094,0.00010720307185529534,0.6200000000000001,8603.261764705883,-6368.512195121952,418.69199999999995,-35800.0,45951.0,0.4533333333333333,75,38280.102666666666,600.0,99990.9,18059.022445730505,0,0,0,42,641,0
6682,36204,12,3017,,1,0,1,0.52,8187,5.140000000000001,0.02074379440399965,0.094,0.00010720307185529534,0.6200000000000001,5170.414285714285,-6209.713461538461,24.617391304347827,-23289.0,27154.0,0.5478260869565217,115,31916.898260869562,-214.8,56083.5,15511.883282067594,1,0,0,60,478,0
5699,174960,24,7290,,1,0,0,0.52,8187,5.140000000000001,0.02074379440399965,0.094,0.00010720307185529534,0.6200000000000001,15339.103448275862,-9628.53411764706,498.20000000000005,-52200.0,49720.0,0.40559440559440557,143,58926.411188811195,1000.0,159286.4,27760.093299654243,0,0,0,20,674,0
7292,317460,60,5291,,1,0,1,0.52,8187,5.140000000000001,0.02074379440399965,0.094,0.00010720307185529534,0.6200000000000001,21579.118,-10552.077894736842,527.6448275862069,-61700.0,49407.0,0.3448275862068966,145,64978.0724137931,700.0,135890.4,26748.860365603225,0,0,0,23,499,0
5214,74772,36,2077,,0,0,1,0.33899999999999997,8743,2.1550000000000002,0.024047706982845352,0.111,0.001496414971790986,0.5500000000000003,6351.083333333333,-3837.9268292682927,467.2887323943662,-13400.0,18696.0,0.4225352112676056,71,24872.139436619716,500.0,45989.0,8273.729769931522,0,0,0,36,389,0
6437,63972,36,1777,,0,0,1,0.33899999999999997,8743,2.1550000000000002,0.024047706982845352,0.111,0.001496414971790986,0.5500000000000003,5139.177777777778,-3600.0,3550.2363636363634,-4500.0,10660.0,0.8181818181818182,11,21532.345454545455,300.0,39052.7,11004.95272532905,0,0,0,50,115,0
5320,143676,36,3991,,2,0,1,0.33899999999999997,8743,2.1550000000000002,0.024047706982845352,0.111,0.001496414971790986,0.5500000000000003,8195.514814814815,-4551.222222222223,228.80416666666665,-30600.0,48125.0,0.375,72,28370.441666666666,700.0,82795.9,16621.38665670709,0,0,0,45,447,0
7164,249792,48,5204,,1,0,1,0.33899999999999997,8743,2.1550000000000002,0.024047706982845352,0.111,0.001496414971790986,0.5500000000000003,17120.980952380953,-12062.583333333334,1556.4133333333332,-72000.0,46838.0,0.4666666666666667,45,58128.03111111111,700.0,94979.3,22774.886854981123,0,0,0,33,284,0
5221,52512,12,4376,,1,0,1,0.33899999999999997,8743,2.1550000000000002,0.024047706982845352,0.111,0.001496414971790986,0.5500000000000003,14839.705263157895,-10670.889795918367,471.6689655172414,-43000.0,49972.0,0.4367816091954023,87,59684.29885057471,1000.0,120419.7,22496.238340889686,0,0,0,54,521,0
5856,51360,12,4280,,1,0,0,0.5379999999999999,8814,5.25,0.017689169359695327,0.107,-0.00044954494177120704,0.9800000000000004,18153.10487804878,-14777.119565217392,741.7218390804597,-56300.0,49781.0,0.47126436781609193,87,53636.37471264367,-2542.1,158633.6,32197.490915176008,1,0,0,51,382,0
6353,116496,24,4854,,1,0,1,0.5379999999999999,8814,5.25,0.017689169359695327,0.107,-0.00044954494177120704,0.9800000000000004,15983.015909090907,-8933.976315789472,202.25416666666666,-34200.0,43684.0,0.36666666666666664,120,41285.01833333333,600.0,84726.8,14317.07448670923,0,0,0,39,684,0
6677,97980,60,1633,,1,0,0,0.556,8843,3.21,0.018659491621822635,0.113,0.0015312595703723148,0.7800000000000002,5760.453333333333,-2643.278260869565,117.07153284671533,-12700.0,16518.0,0.3284671532846715,137,24067.298540145985,700.0,46398.6,7369.334427365258,0,0,0,17,623,0
6242,26208,36,728,,1,0,0,0.556,8843,3.21,0.018659491621822635,0.113,0.0015312595703723148,0.7800000000000002,4574.780000000001,-4050.0,3137.316666666667,-6300.0,11300.0,0.8333333333333334,12,27419.850000000002,1000.0,43947.8,12688.119619442146,0,0,0,24,129,0
5061,84288,48,1756,,1,0,0,0.556,8843,3.21,0.018659491621822635,0.113,0.0015312595703723148,0.7800000000000002,8252.190909090908,-4476.846153846154,465.0152941176471,-18700.0,24694.5,0.38823529411764707,85,25727.382352941175,500.0,50218.4,8961.646333139917,0,0,0,40,446,0
6868,82128,24,3422,,1,0,1,0.556,8843,3.21,0.018659491621822635,0.113,0.0015312595703723148,0.7800000000000002,5748.876811594203,-6913.542307692308,307.17603305785127,-22239.0,30794.0,0.5702479338842975,121,33221.211570247935,871.3,70376.1,14676.80723090681,0,0,0,29,506,0
6097,202848,48,4226,,2,1,0,0.512,8369,5.305,0.025685213827540455,0.107,-0.007293768499399383,1.1499999999999995,12468.107142857143,-6854.45652173913,456.7837837837838,-27300.0,38037.0,0.3783783783783784,74,37200.395945945944,800.0,82957.9,17835.976701595184,0,0,0,56,349,0
7050,311232,48,6484,,1,0,0,0.512,8369,5.305,0.025685213827540455,0.107,-0.007293768499399383,1.1499999999999995,18618.924193548388,-14893.027027027027,384.48014705882343,-61300.0,49001.0,0.45588235294117646,136,72885.75808823529,1100.0,144268.6,27188.600747496173,0,0,0,51,542,0
7171,196224,48,4088,,1,0,1,0.512,8369,5.305,0.025685213827540455,0.107,-0.007293768499399383,1.1499999999999995,25562.524999999998,-20551.872727272726,3507.8130434782606,-45400.0,70352.0,0.5217391304347826,23,72465.66956521738,300.0,135473.2,30856.626329016868,0,0,0,47,168,0
7200,31140,60,519,,1,0,1,0.512,8369,5.305,0.025685213827540455,0.107,-0.007293768499399383,1.1499999999999995,3022.7740740740737,-1955.982608695652,732.546,-16300.0,9400.0,0.54,50,28375.804,800.0,37613.5,7195.005761508946,0,0,0,21,326,0
6969,88200,36,2450,,1,1,1,0.512,8369,5.305,0.025685213827540455,0.107,-0.007293768499399383,1.1499999999999995,7578.533333333334,-3933.629090909091,620.6329670329669,-16884.0,22052.0,0.3956043956043956,91,37386.856043956046,1100.0,60161.5,10470.008388378354,0,0,0,53,462,0
7219,57120,48,1190,,1,0,1,0.81,9272,3.01,0.04209579470387786,0.118,0.0015705610234346742,0.4200000000000004,5139.275,-2069.7724137931036,872.695918367347,-6000.0,13722.0,0.40816326530612246,49,41985.62040816326,1000.0,53271.2,9814.240638203999,0,0,0,39,275,0
7242,48096,24,2004,,2,0,1,0.81,9272,3.01,0.04209579470387786,0.118,0.0015705610234346742,0.4200000000000004,6308.597142857143,-3926.0,389.79397590361447,-20320.0,18038.0,0.42168674698795183,83,33044.0156626506,800.0,51009.5,8252.713497278717,0,0,0,39,454,0
6852,16032,48,334,,1,0,0,0.81,9272,3.01,0.04209579470387786,0.118,0.0015705610234346742,0.4200000000000004,4913.325531914893,-2706.6486486486488,253.17603305785124,-19600.0,21014.0,0.3884297520661157,121,23124.206611570247,500.0,53314.4,8941.444783681365,0,0,0,32,449,0
5830,405780,60,6763,,1,0,1,0.40700000000000003,8544,1.5750000000000002,0.019304953050354182,0.109,0.0012835648783702158,0.5700000000000001,5634.5918032786885,-2627.633043478261,235.9789772727273,-15680.0,16557.0,0.3465909090909091,176,34044.42954545454,700.0,51008.0,7073.196837254752,0,0,0,46,694,0
6790,76104,24,3171,,1,1,0,0.40700000000000003,8544,1.5750000000000002,0.019304953050354182,0.109,0.0012835648783702158,0.5700000000000001,2193.4204545454545,-1865.789189189189,339.21358024691364,-5520.0,9200.0,0.5432098765432098,81,20237.192592592593,1000.0,33813.8,6245.934128330562,0,0,0,36,340,0
5265,165780,60,2763,,2,0,1,0.40700000000000003,8544,1.5750000000000002,0.019304953050354182,0.109,0.0012835648783702158,0.5700000000000001,9495.541666666666,-9931.475471698112,383.75486725663717,-48000.0,46160.0,0.5309734513274337,113,45342.204424778756,413.3,116112.4,26937.96687515327,0,0,0,47,607,0
6007,289920,48,6040,,1,0,0,0.847,8705,6.68,0.03554048902277671,0.116,0.001562301441951905,1.8600000000000003,20046.72,-13854.92,1212.4755555555557,-32700.0,54358.0,0.4444444444444444,45,58959.27777777778,400.0,118790.4,22763.594806918914,0,0,0,53,320,0
7279,155760,24,6490,,1,0,0,0.847,8705,6.68,0.03554048902277671,0.116,0.001562301441951905,1.8600000000000003,15929.297297297297,-11607.321739130435,668.0385542168675,-47600.0,47085.0,0.4457831325301205,83,51964.019277108426,200.0,108538.5,24707.291006253043,0,0,0,49,333,0
5463,17952,12,1496,,1,0,0,0.847,8705,6.68,0.03554048902277671,0.116,0.001562301441951905,1.8600000000000003,7621.526923076924,-5221.81875,535.5431034482758,-20800.0,23582.0,0.4482758620689655,58,28597.88620689655,500.0,46705.2,9101.802812272446,0,0,0,44,344,0
6355,127200,48,2650,,1,0,1,0.805,8867,1.115,0.03945115356885364,0.13,0.0026586157173756307,0.18999999999999995,7532.464999999999,-4767.636363636364,411.3536842105263,-15900.0,23852.0,0.42105263157894735,95,28863.03052631579,400.0,52868.8,9001.234613333387,0,0,0,32,473,0
6675,238716,36,6631,,2,0,1,0.59,9060,2.11,0.021353935786207333,0.124,0.0007852574251155721,0.6599999999999999,20188.035294117646,-8379.916666666666,783.388679245283,-49300.0,59676.0,0.32075471698113206,106,65133.5358490566,1000.0,115150.5,20947.363829998318,0,0,0,33,503,0
5620,30012,12,2501,,1,0,1,0.59,9060,2.11,0.021353935786207333,0.124,0.0007852574251155721,0.6599999999999999,11133.43829787234,-7652.7,919.6155339805824,-34800.0,43783.0,0.4563106796116505,103,46609.348543689324,700.0,107744.0,24793.342825878528,0,0,0,44,659,0
4988,265320,36,7370,,1,0,1,0.53,8254,3.275,0.021262996420657918,0.097,0.0015055962729390376,0.9699999999999998,8769.207142857143,-8495.812195121951,240.70361445783126,-53500.0,48308.0,0.5060240963855421,83,46266.574698795186,379.0,116038.4,28827.091843999817,0,0,0,30,636,0
5765,153936,24,6414,,1,0,1,0.53,8254,3.275,0.021262996420657918,0.097,0.0015055962729390376,0.9699999999999998,21846.925,-24700.0,9152.30909090909,-36700.0,57723.0,0.7272727272727273,11,58031.62727272727,1100.0,100675.4,30735.935714960455,0,0,0,48,115,0
7091,113436,36,3151,,1,0,1,0.53,8254,3.275,0.021262996420657918,0.097,0.0015055962729390376,0.9699999999999998,21328.36086956522,-15010.724137931034,1062.3326923076922,-62000.0,49919.0,0.4423076923076923,104,68510.41730769232,200.0,131410.1,27032.8497675628,0,0,0,42,384,0
5933,87528,24,3647,,0,1,1,0.535,8909,4.785,0.023730182772897103,0.113,0.0008751556767309569,1.5499999999999998,11606.524,-6729.59375,1312.5631578947368,-22500.0,32823.0,0.43859649122807015,57,42728.93157894737,800.0,74816.0,13891.271413336683,0,0,0,46,366,0
6470,49872,12,4156,,0,0,0,0.535,8909,4.785,0.023730182772897103,0.113,0.0008751556767309569,1.5499999999999998,11836.48620689655,-3885.3630573248406,355.88,-58900.0,47226.0,0.26976744186046514,215,50265.36186046512,600.0,111451.1,22598.989371999247,0,0,0,31,684,0
5841,41988,12,3499,,1,1,1,0.535,8909,4.785,0.023730182772897103,0.113,0.0008751556767309569,1.5499999999999998,5760.270909090909,-3498.1567567567567,449.23488372093027,-33280.0,16700.0,0.4263565891472868,129,37122.396124031,200.0,57965.7,10838.574904013292,0,0,0,25,622,0
6574,77544,36,2154,,1,0,0,0.467,8507,1.76,0.02718712029161604,0.132,0.005794068673777058,0.18000000000000016,13709.73076923077,-8834.284210526315,324.22187499999995,-32000.0,48633.0,0.40625,64,37934.865625,700.0,122450.5,22908.16296637593,0,0,0,55,386,0
5525,93888,36,2608,,2,1,1,0.467,8507,1.76,0.02718712029161604,0.132,0.005794068673777058,0.18000000000000016,18749.28918918919,-11454.907407407407,825.9197802197801,-59500.0,49960.0,0.4065934065934066,91,69554.2923076923,200.0,144694.2,29245.776818467417,0,0,0,61,315,0
5435,314688,48,6556,,2,0,1,0.467,8507,1.76,0.02718712029161604,0.132,0.005794068673777058,0.18000000000000016,20398.0925,-11534.074626865671,403.1841121495327,-39700.0,59007.0,0.37383177570093457,107,53094.36448598131,600.0,99692.3,21446.09361167235,0,0,1,24,579,0
7168,208332,36,5787,,1,0,0,0.467,8507,1.76,0.02718712029161604,0.132,0.005794068673777058,0.18000000000000016,26089.059459459462,-10781.751724137932,220.0225806451613,-62700.0,73890.0,0.29838709677419356,124,64087.07016129032,500.0,134634.4,23975.578533904947,0,0,0,18,561,0
5909,61320,60,1022,,1,0,0,0.46,8772,4.835000000000001,0.024124232574936802,0.126,0.002439709481963003,0.29000000000000004,4427.029166666666,-1702.604,285.38513513513516,-8100.0,12945.0,0.32432432432432434,74,23137.19054054054,700.0,32515.7,4868.0898129165225,0,0,0,50,331,0
6859,272220,60,4537,,1,0,0,0.46,8772,4.835000000000001,0.024124232574936802,0.126,0.002439709481963003,0.29000000000000004,8068.244736842105,-6407.823809523809,468.30875,-39800.0,48428.0,0.475,80,39041.91875,500.0,104227.6,24359.757099878625,0,0,0,57,339,0
6539,12792,12,1066,,1,0,0,0.46,8772,4.835000000000001,0.024124232574936802,0.126,0.002439709481963003,0.29000000000000004,3395.994285714286,-1877.6604651162793,488.7230769230769,-4112.0,9254.0,0.44871794871794873,78,28534.93717948718,900.0,42247.1,7374.821969783567,0,0,0,24,413,0
5226,185544,36,5154,,1,0,1,0.46,8772,4.835000000000001,0.024124232574936802,0.126,0.002439709481963003,0.29000000000000004,7745.038888888889,-7395.070588235294,391.2714285714285,-25400.0,29159.0,0.5142857142857142,35,27729.917142857143,200.0,70887.8,15360.768047385516,0,0,0,59,293,0
5260,123300,36,3425,,2,0,0,0.856,9832,3.9000000000000004,0.050214917825537296,0.114,-0.008209018120522545,1.1600000000000006,15551.73,-11449.4,551.1022222222222,-58800.0,46499.0,0.4444444444444444,90,55026.619999999995,800.0,132024.9,25548.054001677494,0,0,1,52,565,0
6553,42384,12,3532,,1,0,0,0.853,9317,6.78,0.053938556643094646,0.097,-0.0006010084453394527,0.5800000000000001,12888.097727272729,-6177.520454545455,177.68560606060606,-60300.0,49762.0,0.3333333333333333,132,48865.98409090909,700.0,123072.0,24319.344887497962,0,0,0,56,475,0
6633,160656,24,6694,,1,0,0,0.467,10124,0.55,0.04412275748229877,0.141,0.005494982841753182,-0.020000000000000018,16405.022807017544,-9431.948314606741,655.0883561643835,-56400.0,47980.0,0.3904109589041096,146,52422.491095890415,400.0,173151.0,30895.46728961792,0,0,0,27,651,0
7151,133800,24,5575,,1,0,1,0.58,8754,4.07,0.035561323815704086,0.137,0.0005933067581347919,0.47999999999999954,13972.60606060606,-7082.823333333334,388.45806451612907,-32600.0,47382.0,0.3548387096774194,93,45733.43548387097,300.0,83556.1,20414.41994525505,0,0,0,56,405,0
5665,40632,12,3386,,2,0,0,0.58,8754,4.07,0.035561323815704086,0.137,0.0005933067581347919,0.47999999999999954,10664.13870967742,-3237.4367816091954,414.6720338983051,-20865.0,30470.0,0.2627118644067797,118,48478.5906779661,1100.0,75484.9,12051.539852408316,0,0,0,52,444,0
6932,225504,48,4698,,2,0,1,0.634,9920,2.565,0.048218527315914486,0.13,0.005880179466877804,0.6100000000000003,23961.952173913043,-7437.133333333333,542.7447513812155,-50700.0,65738.0,0.2541436464088398,181,57411.60828729282,800.0,127323.7,22184.5250679484,0,0,1,18,686,0
7294,39168,24,1632,,1,0,0,0.634,9920,2.565,0.048218527315914486,0.13,0.005880179466877804,0.6100000000000003,10715.865217391305,-5946.6322580645165,1150.3574074074074,-23600.0,30462.0,0.42592592592592593,54,55438.851851851854,300.0,81495.6,14622.73782813835,0,0,0,19,347,0
6321,38496,12,3208,,1,0,0,0.634,9920,2.565,0.048218527315914486,0.13,0.005880179466877804,0.6100000000000003,8484.204545454546,-6744.942857142857,2561.758333333333,-27300.0,38123.0,0.6111111111111112,36,42732.336111111115,800.0,92238.0,27353.589391304522,0,0,1,34,390,0
6469,99744,24,4156,,2,0,0,0.634,9920,2.565,0.048218527315914486,0.13,0.005880179466877804,0.6100000000000003,11388.614285714286,-6774.05,704.6941176470588,-26500.0,37408.0,0.4117647058823529,102,40126.96862745098,700.0,79967.9,16479.64095077113,0,0,0,27,523,0
5614,253560,60,4226,,1,0,0,0.899,10446,8.370000000000001,0.04041035906418116,0.09,-0.0017014888027023646,2.0600000000000005,13406.337209302326,-8303.901538461538,339.98981481481474,-25900.0,38038.0,0.39814814814814814,108,39822.71111111111,900.0,76509.7,13798.585863209366,0,0,0,47,645,0
4967,318480,60,5308,,1,0,1,0.584,8547,3.145,0.021975766497749342,0.12,-0.00029725674489709255,0.9900000000000002,13979.996875,-5130.857142857143,141.10258620689666,-43200.0,47785.0,0.27586206896551724,116,39953.97068965517,-1011.2,104761.5,23451.647180035612,1,0,0,46,422,0
