loan_id,amount,duration,payments,status,frequency,has_disponent,gender,ratio_of_urban_inhabitants,average_salary,unemployment_rate,avg_commited_crimes,ratio_entrepreneurs,criminality_growth,unemployment_growth,avg_amount_credit,avg_amount_withdrawal,avg_amount_total,min_amount,max_amount,credit_ratio,num_trans,avg_balance,min_balance,max_balance,std_balance,negative_balance,last_balance_negative,has_card,age_at_loan,days_between,same_district,age
5314,96396,12,8033,1,2,0,0,0.818,9650,3.525,0.030528836012319115,0.1,-0.0019090410496561618,0.29000000000000004,5025.0,0.0,5025.0,1100.0,9900.0,1.0,4,12250.0,1100.0,20100.0,8330.8663014919,0,0,0,45,105,1,75
5316,165960,36,4610,0,1,0,1,0.735,8369,2.05,0.024274902625344916,0.117,-0.0020938877995546053,0.52,13523.158823529413,-8884.24,1411.0513513513515,-54300.0,36574.0,0.4594594594594595,37,52083.85945945946,700.0,120512.8,29122.05945394563,0,0,0,24,148,1,54
6456,47016,12,3918,0,0,0,0,0.735,8369,2.05,0.024274902625344916,0.117,-0.0020938877995546053,0.52,13031.063636363637,-11395.5,1399.3666666666668,-51800.0,47705.0,0.5238095238095238,42,60382.08571428571,200.0,112901.6,23888.321559448163,0,0,0,35,239,0,64
7249,69360,48,1445,0,1,0,1,0.735,8369,2.05,0.024274902625344916,0.117,-0.0020938877995546053,0.52,6597.1322580645165,-3528.6382978723404,495.70641025641027,-13700.0,17782.0,0.3974358974358974,78,33857.106410256405,1100.0,52365.0,9598.252851868401,0,0,0,52,450,0,81
6863,127080,60,2118,0,1,0,1,0.535,8390,2.585,0.026964590525815933,0.132,0.0005390351271224508,0.6100000000000003,5009.733333333334,-6097.0,844.7083333333334,-14800.0,19065.0,0.625,24,30060.954166666666,800.0,49590.4,11520.18445104369,0,0,0,57,170,1,86
6668,74736,36,2076,0,1,0,1,0.535,8390,2.585,0.026964590525815933,0.132,0.0005390351271224508,0.6100000000000003,11194.334615384616,-6288.019512195122,496.17761194029845,-20000.0,30918.0,0.3880597014925373,67,37912.99850746268,700.0,62084.0,10605.68811295336,0,0,0,28,399,1,57
7138,60000,60,1000,0,1,0,1,0.535,8390,2.585,0.026964590525815933,0.132,0.0005390351271224508,0.6100000000000003,3840.34375,-1881.5528089887641,123.19927007299269,-7000.0,11049.0,0.35036496350364965,137,24643.283941605838,400.0,39393.9,5853.928886719555,0,0,0,48,658,0,76
5160,204000,60,3400,0,1,0,1,0.535,8390,2.585,0.026964590525815933,0.132,0.0005390351271224508,0.6100000000000003,10772.44,-5782.955,584.5046153846155,-16100.0,30604.0,0.38461538461538464,65,37809.39846153846,400.0,68172.8,12656.782825432134,0,0,0,51,366,1,78
5325,105804,36,2939,0,1,0,0,0.748,10045,1.565,0.03629717591706719,0.135,-0.0017390227705052733,0.29000000000000004,9254.6,-7168.099999999999,1371.704,-15600.0,26448.0,0.52,25,41297.48,1000.0,65898.5,14151.260443037105,0,0,0,53,185,0,82
5997,117024,24,4876,0,1,0,1,0.748,10045,1.565,0.03629717591706719,0.135,-0.0017390227705052733,0.29000000000000004,13154.833333333334,-16300.0,4091.8076923076924,-24000.0,29255.0,0.6923076923076923,13,44131.16923076923,800.0,76985.2,19844.247591152816,0,0,0,58,137,1,87
6734,173016,36,4806,0,2,0,0,0.748,10045,1.565,0.03629717591706719,0.135,-0.0017390227705052733,0.29000000000000004,14459.529787234043,-12580.127659574468,939.7010638297871,-62700.0,49769.0,0.5,94,61799.24361702128,300.0,123928.2,26512.878935391018,0,0,0,51,318,1,77
5611,321180,60,5353,0,1,1,1,0.748,10045,1.565,0.03629717591706719,0.135,-0.0017390227705052733,0.29000000000000004,16276.9,-11405.895238095238,978.5131578947369,-34000.0,48180.0,0.4473684210526316,38,40524.46315789474,700.0,90257.3,21716.75025029622,0,0,0,60,233,1,86
7101,421008,48,8771,0,1,0,1,0.748,10045,1.565,0.03629717591706719,0.135,-0.0017390227705052733,0.29000000000000004,10392.413636363637,-7052.321428571428,623.362,-19100.0,31540.0,0.44,50,37436.422,600.0,72330.4,12359.209052004047,0,0,0,43,304,1,69
7240,274740,60,4579,0,2,0,1,0.505,8288,4.154999999999999,0.01746558320714806,0.11,-0.0011790135586559245,0.7299999999999995,21255.930769230767,-16801.0,1522.7074074074076,-36700.0,63366.0,0.48148148148148145,27,57188.21111111111,600.0,122893.1,25256.6658167142,0,0,0,15,204,0,44
5523,93888,36,2608,0,0,0,0,0.505,8288,4.154999999999999,0.01746558320714806,0.11,-0.0011790135586559245,0.7299999999999995,7084.7,-7185.714285714285,1827.1789473684212,-15500.0,15649.0,0.631578947368421,19,37510.494736842105,600.0,52378.2,14598.865783434976,0,0,0,43,156,1,72
5657,4980,12,415,0,1,0,0,0.505,8288,4.154999999999999,0.01746558320714806,0.11,-0.0011790135586559245,0.7299999999999995,5352.515789473684,-2933.2370370370368,489.13913043478254,-16000.0,15528.0,0.41304347826086957,46,30533.371739130438,800.0,41106.2,8705.183539928967,0,0,0,41,242,1,70
6526,288468,36,8013,0,1,0,0,0.505,8288,4.154999999999999,0.01746558320714806,0.11,-0.0011790135586559245,0.7299999999999995,6845.75,-15666.666666666666,2872.970588235294,-23300.0,30950.0,0.8235294117647058,17,36999.52352941177,600.0,71939.2,16205.72181108147,0,0,0,36,127,1,64
6687,87840,24,3660,0,1,1,0,0.413,8598,3.0149999999999997,0.03219524860443983,0.123,0.005155690732738636,0.48999999999999977,7331.9857142857145,-19600.0,2579.2823529411767,-22000.0,32938.0,0.8235294117647058,17,46318.55294117647,500.0,65847.8,20670.97738216307,0,0,0,13,124,1,42
7226,197748,36,5493,0,1,1,0,0.413,8598,3.0149999999999997,0.03219524860443983,0.123,0.005155690732738636,0.48999999999999977,12363.145454545454,-18540.0,2705.9125,-25100.0,36216.0,0.6875,16,44735.43125,300.0,74413.6,19635.357674451083,0,0,0,23,163,0,52
6027,61656,24,2569,1,2,0,0,0.413,8598,3.0149999999999997,0.03219524860443983,0.123,0.005155690732738636,0.48999999999999977,13988.388888888889,-22066.666666666668,4974.625,-31400.0,47337.0,0.75,12,44763.458333333336,400.0,89256.9,24849.149080234965,0,0,0,42,167,1,68
6137,44628,12,3719,0,2,0,1,0.413,8598,3.0149999999999997,0.03219524860443983,0.123,0.005155690732738636,0.48999999999999977,25106.972093023258,-9700.582524271844,550.9575342465755,-59000.0,71565.0,0.2945205479452055,146,49477.32123287671,900.0,112689.5,22661.883780456672,0,0,0,52,636,1,79
5082,262980,60,4383,0,1,0,0,0.413,8598,3.0149999999999997,0.03219524860443983,0.123,0.005155690732738636,0.48999999999999977,10113.641666666666,-5207.6875,1358.5964285714285,-22300.0,44022.0,0.42857142857142855,56,41729.61607142857,900.0,78574.3,16330.173222315432,0,0,0,30,369,1,56
7284,52788,12,4399,0,1,0,1,0.519,9045,3.365,0.03166882100823185,0.124,0.0005782706306551466,0.4700000000000002,4304.038095238096,-3152.5363636363636,489.04651162790697,-17920.0,11427.0,0.4883720930232558,43,22198.17906976744,1000.0,41469.1,6652.642956340849,0,0,0,20,244,1,49
6210,87216,48,1817,1,1,0,1,0.519,9045,3.365,0.03166882100823185,0.124,0.0005782706306551466,0.4700000000000002,3691.82380952381,-4653.099999999999,657.3060606060606,-12600.0,16356.0,0.6363636363636364,33,28362.248484848486,200.0,41410.0,8425.332672368242,0,0,0,30,192,1,58
5980,21396,12,1783,0,1,1,1,0.519,9045,3.365,0.03166882100823185,0.124,0.0005782706306551466,0.4700000000000002,5691.885294117647,-3835.0454545454545,317.71923076923076,-14075.0,16048.0,0.4358974358974359,78,30812.94615384615,1000.0,46848.9,7990.971151238132,0,0,0,26,440,1,54
6144,44376,12,3698,0,1,0,1,0.519,9045,3.365,0.03166882100823185,0.124,0.0005782706306551466,0.4700000000000002,18505.683333333334,-12612.419047619047,1749.7820512820513,-54100.0,49412.0,0.46153846153846156,39,53505.21538461538,800.0,124090.0,28278.24506461626,0,0,0,34,164,1,60
6111,174744,24,7281,1,1,0,0,0.8,8991,1.6999999999999997,0.04270287023971681,0.128,0.0006117305449295695,0.6199999999999999,13374.85,-9741.05,1816.9,-52600.0,47436.0,0.5,32,37485.45625,1000.0,105628.0,28302.653142986743,0,0,0,45,163,1,74
6650,49320,12,4110,1,0,0,0,0.8,8991,1.6999999999999997,0.04270287023971681,0.128,0.0006117305449295695,0.6199999999999999,15663.035294117646,-7831.1875,319.869387755102,-62700.0,45628.0,0.3469387755102041,49,46576.27755102041,900.0,126833.0,24439.877180919786,0,0,0,48,167,1,77
7034,19044,36,529,0,1,0,0,0.8,8991,1.6999999999999997,0.04270287023971681,0.128,0.0006117305449295695,0.6199999999999999,8717.206896551725,-5065.785,727.0666666666667,-22300.0,24126.0,0.42028985507246375,69,43121.75507246377,600.0,64981.1,10532.784888113652,0,0,0,22,410,1,48
5897,15192,24,633,0,1,0,0,0.8,8991,1.6999999999999997,0.04270287023971681,0.128,0.0006117305449295695,0.6199999999999999,7555.3234042553195,-2768.427868852459,102.67455621301775,-14000.0,21513.0,0.2781065088757396,169,29941.905325443786,500.0,48157.1,7237.180988793552,0,0,0,23,685,1,49
7235,154416,48,3217,0,2,0,0,0.653,8968,3.09,0.025813660730703406,0.131,0.002404560177654564,0.52,11408.9875,-8071.3125,1668.8374999999999,-19200.0,39098.0,0.5,32,46715.8,8897.0,81723.5,20286.965558464442,0,0,0,24,176,1,53
7121,21924,36,609,0,1,1,1,0.33899999999999997,8743,2.1550000000000002,0.024047706982845352,0.111,0.001496414971790986,0.5500000000000003,7551.738095238095,-4562.625,1090.7444444444445,-17200.0,21739.5,0.4666666666666667,45,34272.21333333333,1100.0,60432.4,10171.031845987452,0,0,0,33,297,1,62
6064,14628,12,1219,0,1,0,0,0.33899999999999997,8743,2.1550000000000002,0.024047706982845352,0.111,0.001496414971790986,0.5500000000000003,7799.868965517242,-2620.457534246575,342.1843137254902,-14100.0,23230.5,0.28431372549019607,102,32788.14215686275,200.0,52184.7,9015.76816505543,0,0,0,45,399,1,73
7061,121896,24,5079,0,1,0,1,0.33899999999999997,8743,2.1550000000000002,0.024047706982845352,0.111,0.001496414971790986,0.5500000000000003,16312.041025641025,-11004.674074074075,450.72258064516126,-64900.0,49558.0,0.41935483870967744,93,54422.596774193546,600.0,133454.9,21910.827556377593,0,0,0,29,486,1,57
6624,71460,12,5955,0,1,1,1,0.33899999999999997,8743,2.1550000000000002,0.024047706982845352,0.111,0.001496414971790986,0.5500000000000003,13133.975,-8085.147826086956,1784.211627906977,-24300.0,48487.0,0.46511627906976744,43,47991.53023255814,200.0,82549.0,19235.72960061234,0,0,0,49,326,1,77
6460,48672,36,1352,0,1,1,0,0.33899999999999997,8743,2.1550000000000002,0.024047706982845352,0.111,0.001496414971790986,0.5500000000000003,2590.1029411764707,-1031.0063492063493,238.24845360824742,-5880.0,12100.0,0.35051546391752575,97,23050.189690721647,300.0,33484.4,5423.587576531727,0,0,0,46,415,0,74
7154,417600,60,6960,0,0,0,1,0.33899999999999997,8743,2.1550000000000002,0.024047706982845352,0.111,0.001496414971790986,0.5500000000000003,8001.857142857143,-8415.384615384615,1724.6764705882354,-31700.0,36305.0,0.6176470588235294,34,43196.74411764706,200.0,87052.1,18631.358322644723,0,0,1,26,408,1,52
6077,79608,24,3317,0,1,0,1,0.53,8254,3.275,0.021262996420657918,0.097,0.0015055962729390376,0.9699999999999998,23558.29090909091,-13372.148387096773,1957.4679245283016,-51700.0,67124.0,0.41509433962264153,53,69954.5716981132,800.0,125825.7,24870.23292768019,0,0,0,23,313,1,52
6103,149340,60,2489,0,2,0,1,0.53,8254,3.275,0.021262996420657918,0.097,0.0015055962729390376,0.9699999999999998,7546.752173913043,-4546.575757575758,420.3267857142858,-13200.0,22404.0,0.4107142857142857,56,29069.116071428572,500.0,53214.0,10432.344642413836,0,0,0,31,321,1,59
7227,314520,60,5242,0,2,0,0,0.53,8254,3.275,0.021262996420657918,0.097,0.0015055962729390376,0.9699999999999998,18056.9125,-12982.432432432432,388.3623076923076,-56700.0,49457.0,0.4307692307692308,130,63527.42,500.0,128119.4,28698.379826165863,0,0,0,39,484,1,67
5593,277884,36,7719,1,1,0,0,0.53,8254,3.275,0.021262996420657918,0.097,0.0015055962729390376,0.9699999999999998,13759.673913043478,-8751.140845070422,99.2649572649572,-53200.0,47031.0,0.39316239316239315,117,46487.002564102564,1000.0,129394.2,28041.875079726327,0,0,0,15,693,1,42
6228,464520,60,7742,1,2,0,0,0.535,8909,4.785,0.023730182772897103,0.113,0.0008751556767309569,1.5499999999999998,16035.558064516128,-11073.837837837838,1284.8573529411765,-41000.0,47757.0,0.45588235294117646,68,51760.01617647059,200.0,125943.1,27848.686707573845,0,0,0,53,257,0,82
6696,89040,60,1484,0,1,1,0,0.535,8909,4.785,0.023730182772897103,0.113,0.0008751556767309569,1.5499999999999998,3735.122727272727,-3140.4511627906977,336.85057471264366,-11400.0,15843.0,0.5057471264367817,87,30045.399999999998,800.0,46550.2,8832.079278613892,0,0,0,24,392,1,52
6066,173808,24,7242,0,0,1,0,0.535,8909,4.785,0.023730182772897103,0.113,0.0008751556767309569,1.5499999999999998,26907.226923076923,-12350.122448979591,1259.0919999999999,-38200.0,74522.0,0.3466666666666667,75,61218.65866666667,1000.0,134416.6,24967.390839870233,0,0,0,37,383,1,65
5586,48744,36,1354,0,1,0,0,0.535,8909,4.785,0.023730182772897103,0.113,0.0008751556767309569,1.5499999999999998,10108.300000000001,-16100.0,4492.2357142857145,-18600.0,28603.5,0.7857142857142857,14,42930.20714285714,900.0,62891.3,19512.790972253762,0,0,0,32,134,1,58
6356,95400,36,2650,0,2,0,1,0.514,9307,4.14,0.029576639892904953,0.118,0.004434404283801874,0.5799999999999996,11706.59090909091,-9195.12,588.6595744680852,-33500.0,35760.0,0.46808510638297873,47,41562.323404255316,200.0,92354.8,23576.743344256894,0,0,0,22,268,0,51
6112,174744,24,7281,1,1,0,0,0.514,9307,4.14,0.029576639892904953,0.118,0.004434404283801874,0.5799999999999996,11542.828947368422,-5396.2074999999995,58.73644067796611,-37500.0,46739.0,0.3220338983050847,118,26252.81440677966,-1369.2,96659.4,23430.521918399387,1,0,0,15,452,0,44
5132,538500,60,8975,0,1,0,1,0.514,9307,4.14,0.029576639892904953,0.118,0.004434404283801874,0.5799999999999996,11733.345454545455,-6523.961111111112,401.2241379310345,-23800.0,32082.0,0.3793103448275862,58,33687.85862068966,200.0,69775.9,13408.02036465337,0,0,0,34,336,1,62
6153,285600,60,4760,0,2,1,0,0.514,9307,4.14,0.029576639892904953,0.118,0.004434404283801874,0.5799999999999996,11216.012499999999,-9639.6,575.3938775510203,-33600.0,42729.0,0.4897959183673469,49,49651.8918367347,1100.0,126077.1,26473.42182373544,0,0,0,14,252,1,42
6471,155640,24,6485,0,1,0,0,0.514,9307,4.14,0.029576639892904953,0.118,0.004434404283801874,0.5799999999999996,12015.777777777777,-3640.146153846154,385.66285714285715,-21700.0,34486.0,0.2571428571428571,105,45183.34952380953,500.0,72838.9,13513.4703010347,0,0,0,53,412,1,79
7104,259740,60,4329,0,1,0,1,0.5720000000000001,9893,4.404999999999999,0.025147696287492135,0.096,0.00115360413899182,0.6299999999999999,14443.35,-11030.57142857143,3954.0882352941176,-21500.0,38960.0,0.5882352941176471,17,45198.15294117647,800.0,79633.5,19487.23966632132,0,0,0,14,155,1,43
5319,239460,60,3991,0,1,0,0,0.5720000000000001,9893,4.404999999999999,0.025147696287492135,0.096,0.00115360413899182,0.6299999999999999,13387.938888888888,-7312.228571428571,787.8369565217391,-23200.0,35918.0,0.391304347826087,46,40061.580434782605,300.0,74408.8,16062.53213841481,0,0,0,51,274,0,80
6737,76680,24,3195,0,1,1,1,0.5720000000000001,9893,4.404999999999999,0.025147696287492135,0.096,0.00115360413899182,0.6299999999999999,13581.835849056604,-7696.064444444445,190.15034965034968,-38700.0,57554.0,0.3706293706293706,143,62933.474825174824,1000.0,104676.1,21005.680291887616,0,0,0,46,545,1,73
5352,68400,12,5700,1,1,0,0,0.5720000000000001,9893,4.404999999999999,0.025147696287492135,0.096,0.00115360413899182,0.6299999999999999,6971.799999999999,-7760.0,1710.4428571428573,-15800.0,31037.0,0.6428571428571429,14,31793.735714285714,800.0,51242.2,12297.15509867766,0,0,0,18,167,1,46
5449,99336,24,4139,0,1,0,0,0.5720000000000001,9893,4.404999999999999,0.025147696287492135,0.096,0.00115360413899182,0.6299999999999999,5352.908333333334,-3487.342857142857,592.7730769230769,-11900.0,16866.0,0.46153846153846156,52,27019.571153846155,300.0,46568.0,7892.721828749214,0,0,0,15,330,1,42
5301,141948,36,3943,0,1,0,0,0.5720000000000001,9893,4.404999999999999,0.025147696287492135,0.096,0.00115360413899182,0.6299999999999999,9777.114285714286,-7066.666666666667,4723.98,-16200.0,28840.0,0.7,10,32592.68,800.0,63263.1,17970.97897715462,0,0,0,45,114,1,72
6820,38148,12,3179,0,1,0,0,1.0,12541,0.36,0.07667684963645885,0.167,0.01114566294286997,0.14,8067.861111111111,-8863.236363636364,1645.7206896551722,-20600.0,32706.0,0.6206896551724138,29,37462.09310344827,900.0,62324.6,13293.431805243708,0,0,0,28,171,1,57
4959,80952,24,3373,0,1,1,1,1.0,12541,0.36,0.07667684963645885,0.167,0.01114566294286997,0.14,10394.786363636364,-6276.39375,515.5685185185185,-22400.0,30354.0,0.4074074074074074,54,32590.624074074072,1100.0,67529.6,12061.705681876094,0,0,0,48,313,1,77
6499,80952,24,3373,0,1,1,1,1.0,12541,0.36,0.07667684963645885,0.167,0.01114566294286997,0.14,10395.177272727273,-6248.26875,532.3944444444444,-22400.0,30354.0,0.4074074074074074,54,33312.53888888889,1100.0,67529.6,12270.895742079612,0,0,0,48,313,1,77
5479,24516,12,2043,0,1,0,1,1.0,12541,0.36,0.07667684963645885,0.167,0.01114566294286997,0.14,20344.677419354837,-13143.542857142858,1077.482191780822,-59200.0,49536.0,0.4246575342465753,73,55582.22602739726,200.0,125254.2,29534.218113303323,0,0,0,35,317,1,64
6678,80340,12,6695,0,1,1,0,1.0,12541,0.36,0.07667684963645885,0.167,0.01114566294286997,0.14,20306.622727272726,-11913.433333333332,1718.1288461538463,-39200.0,61260.0,0.4230769230769231,52,61531.59038461539,1100.0,122523.5,26678.258714234544,0,0,0,18,319,0,46
6736,288360,60,4806,0,0,0,1,1.0,12541,0.36,0.07667684963645885,0.167,0.01114566294286997,0.14,8081.3,-10600.0,4345.04,-15200.0,27116.0,0.8,10,33211.759999999995,800.0,58495.8,16686.231188764257,0,0,0,58,107,1,87
7220,131292,36,3647,0,2,0,1,1.0,12541,0.36,0.07667684963645885,0.167,0.01114566294286997,0.14,11868.186206896553,-5792.888888888889,377.8481927710842,-24000.0,32823.0,0.3493975903614458,83,36635.115662650605,1000.0,70288.4,12494.312333486101,0,0,0,40,425,1,68
6919,120888,36,3358,0,2,0,0,1.0,12541,0.36,0.07667684963645885,0.167,0.01114566294286997,0.14,13123.877777777778,-7007.416666666667,541.81875,-49200.0,48618.0,0.375,96,40838.755208333336,600.0,116468.4,21557.464543439626,0,0,0,50,496,1,78
6038,323472,48,6739,0,1,0,0,1.0,12541,0.36,0.07667684963645885,0.167,0.01114566294286997,0.14,13879.189285714285,-11015.089655172413,1213.6789473684212,-33900.0,44802.0,0.49122807017543857,57,45414.07368421053,200.0,119934.1,26516.428001628443,0,0,0,53,415,1,82
6120,209184,48,4358,0,1,0,1,1.0,12541,0.36,0.07667684963645885,0.167,0.01114566294286997,0.14,19731.792307692307,-11161.233333333334,650.8058823529414,-61800.0,54645.0,0.38235294117647056,68,46230.339705882354,1000.0,110583.8,19403.334950613862,0,0,0,41,391,0,69
5882,87816,12,7318,0,1,1,1,1.0,12541,0.36,0.07667684963645885,0.167,0.01114566294286997,0.14,4840.648780487805,-4251.186046511628,186.49523809523808,-10300.0,14886.0,0.4880952380952381,84,25533.214285714286,800.0,43442.2,6896.753585410004,0,0,0,33,476,0,61
6229,11736,24,489,0,1,0,1,1.0,12541,0.36,0.07667684963645885,0.167,0.01114566294286997,0.14,11518.78888888889,-3996.822680412371,202.89172932330825,-22500.0,33098.0,0.2706766917293233,133,42224.43909774436,1100.0,70826.8,11703.03977104676,0,0,0,56,528,1,84
5351,205200,36,5700,0,2,0,0,1.0,12541,0.36,0.07667684963645885,0.167,0.01114566294286997,0.14,17320.669444444444,-6117.8279569892475,423.1480620155039,-31200.0,51303.0,0.27906976744186046,129,58336.31162790698,900.0,93928.5,17204.070909560676,0,0,0,31,541,0,59
7142,482940,60,8049,1,1,0,0,1.0,12541,0.36,0.07667684963645885,0.167,0.01114566294286997,0.14,4877.926785714286,-3442.2243243243242,141.84076923076924,-15800.0,21056.0,0.4307692307692308,130,26358.754615384616,900.0,57707.2,9885.477724726501,0,0,0,18,477,1,46
5576,31248,12,2604,0,1,0,0,1.0,12541,0.36,0.07667684963645885,0.167,0.01114566294286997,0.14,16817.427450980394,-11648.785507246375,449.3550000000001,-64100.0,47033.0,0.425,120,64493.09916666667,1000.0,144715.3,28994.626431825105,0,0,0,55,570,1,83
5739,76380,12,6365,0,1,0,0,1.0,12541,0.36,0.07667684963645885,0.167,0.01114566294286997,0.14,4596.96,-2751.296,514.5955555555555,-8700.0,12861.0,0.4444444444444444,45,26122.84888888889,1100.0,41703.3,8289.780093711837,0,0,0,37,246,1,65
6244,270648,36,7518,1,2,0,1,1.0,12541,0.36,0.07667684963645885,0.167,0.01114566294286997,0.14,13666.85,-12250.277777777777,708.286111111111,-52700.0,47433.0,0.5,72,60819.976388888885,200.0,134501.4,29717.34457286979,0,0,0,57,307,1,85
6960,76416,24,3184,0,1,1,1,1.0,12541,0.36,0.07667684963645885,0.167,0.01114566294286997,0.14,8867.943859649122,-5137.602083333333,80.1503267973856,-21400.0,28659.0,0.37254901960784315,153,31375.160784313724,8686.4,64494.1,11990.873356406239,0,0,0,57,669,1,85
5724,316140,60,5269,1,1,0,1,1.0,12541,0.36,0.07667684963645885,0.167,0.01114566294286997,0.14,4591.911666666667,-3325.351898734177,92.17194244604318,-9500.0,13352.0,0.4316546762589928,139,18632.93381294964,800.0,39616.2,6901.260790646524,0,0,0,26,683,1,54
7241,168984,24,7041,1,1,0,1,1.0,12541,0.36,0.07667684963645885,0.167,0.01114566294286997,0.14,12442.474324324325,-10423.706976744184,151.90187500000005,-55200.0,49960.0,0.4625,160,56053.9975,-517.7,120806.4,28355.36015800731,1,0,0,18,571,1,46
5599,15420,12,1285,0,1,0,0,1.0,12541,0.36,0.07667684963645885,0.167,0.01114566294286997,0.14,4776.766037735849,-2258.1755102040815,211.04238410596028,-11840.0,13881.0,0.3509933774834437,151,24577.2,1000.0,41137.4,7049.350987979909,0,0,0,29,667,0,57
6546,31728,24,1322,0,1,1,1,1.0,12541,0.36,0.07667684963645885,0.167,0.01114566294286997,0.14,7781.153658536585,-3766.1105263157897,280.3666666666667,-19680.0,22267.5,0.3504273504273504,117,31139.747863247863,600.0,56122.8,9913.02291629028,0,0,0,44,568,1,72
5740,18564,12,1547,0,1,0,0,1.0,12541,0.36,0.07667684963645885,0.167,0.01114566294286997,0.14,8607.3,-8550.0,3328.1307692307696,-13400.0,25603.5,0.6923076923076923,13,35538.04615384615,200.0,56498.4,14265.870341694039,0,0,0,32,128,1,59
5045,187224,24,7801,1,1,0,1,1.0,12541,0.36,0.07667684963645885,0.167,0.01114566294286997,0.14,13214.305263157894,-9026.228000000001,577.6386363636364,-51900.0,46293.0,0.4318181818181818,88,42084.31136363636,-243.3,92571.3,22038.48158908669,1,0,0,47,504,0,75
5138,87216,48,1817,0,1,0,0,1.0,12541,0.36,0.07667684963645885,0.167,0.01114566294286997,0.14,5670.470731707317,-1922.3738317757009,181.04932432432435,-9900.0,15608.0,0.27702702702702703,148,30847.14932432432,700.0,43787.3,6554.760512834303,0,0,0,41,616,0,68
7008,36168,12,3014,0,1,0,1,1.0,12541,0.36,0.07667684963645885,0.167,0.01114566294286997,0.14,9289.213333333335,-5247.628571428571,809.388888888889,-18500.0,27122.0,0.4166666666666667,36,39063.76666666666,300.0,63738.0,14039.273386590507,0,0,0,34,202,1,61
7057,231696,36,6436,0,2,1,1,1.0,12541,0.36,0.07667684963645885,0.167,0.01114566294286997,0.14,20382.055882352943,-7099.076086956522,316.4674603174603,-36000.0,60566.0,0.2698412698412698,126,45873.61666666667,800.0,108575.3,20926.369442514395,0,0,0,22,476,1,49
7304,419880,60,6998,0,2,1,0,1.0,12541,0.36,0.07667684963645885,0.167,0.01114566294286997,0.14,21108.227272727272,-29640.85714285714,1372.4722222222222,-64800.0,62982.0,0.6111111111111112,18,59352.833333333336,200.0,104039.9,27879.396856671145,0,0,0,50,156,1,77
6185,31176,24,1299,0,1,0,1,1.0,12541,0.36,0.07667684963645885,0.167,0.01114566294286997,0.14,10761.475,-7135.509090909091,2202.0478260869563,-16900.0,29418.0,0.5217391304347826,23,46304.15217391304,700.0,65769.6,15340.950971615734,0,0,0,27,173,1,54
6785,125340,60,2089,0,2,0,1,1.0,12541,0.36,0.07667684963645885,0.167,0.01114566294286997,0.14,10958.024561403508,-8651.42857142857,149.66456692913385,-45200.0,49974.0,0.44881889763779526,127,51145.515748031496,500.0,110933.4,22705.18278242659,0,0,0,51,476,1,78
6698,247728,48,5161,0,2,0,1,1.0,12541,0.36,0.07667684963645885,0.167,0.01114566294286997,0.14,14307.730434782608,-10241.703703703704,1051.0360000000003,-57900.0,48620.0,0.46,50,60054.734000000004,200.0,108390.1,23168.339445014884,0,0,0,16,215,1,43
6063,320976,48,6687,1,1,0,1,1.0,12541,0.36,0.07667684963645885,0.167,0.01114566294286997,0.14,17416.52608695652,-13115.474074074074,929.2460000000001,-49700.0,70071.0,0.46,50,49482.968,1000.0,130775.0,27435.703120029266,0,0,0,59,251,1,86
5429,20196,36,561,0,1,0,1,1.0,12541,0.36,0.07667684963645885,0.167,0.01114566294286997,0.14,12967.817647058822,-6051.9548387096775,684.2145833333333,-24500.0,35469.0,0.3541666666666667,96,52636.598958333336,200.0,77158.8,15288.688964738765,0,0,0,25,523,1,51
6012,258444,36,7179,0,2,0,1,1.0,12541,0.36,0.07667684963645885,0.167,0.01114566294286997,0.14,8032.675,-10625.0,3368.25625,-14600.0,31830.0,0.75,16,40688.1375,600.0,61790.4,17230.159617750694,0,0,0,30,205,1,56
5385,71460,36,1985,0,1,1,0,1.0,12541,0.36,0.07667684963645885,0.167,0.01114566294286997,0.14,11367.793749999999,-8815.72,1601.5774193548389,-26600.0,33669.0,0.5161290322580645,31,49220.9806451613,700.0,76403.1,16380.59460647302,0,0,0,16,240,1,42
7194,68832,36,1912,0,1,0,1,1.0,12541,0.36,0.07667684963645885,0.167,0.01114566294286997,0.14,9718.266666666666,-6265.434482758621,972.4679245283018,-24000.0,28353.0,0.4528301886792453,53,37557.05471698113,700.0,61939.6,12288.790411270784,0,0,0,37,330,1,63
5375,101520,12,8460,0,1,0,0,1.0,12541,0.36,0.07667684963645885,0.167,0.01114566294286997,0.14,6132.844444444444,-4683.5199999999995,440.0210526315789,-10000.0,18513.0,0.47368421052631576,38,26449.092105263157,400.0,43218.7,10352.391968575044,0,0,0,19,245,1,46
5635,77184,36,2144,0,1,0,0,1.0,12541,0.36,0.07667684963645885,0.167,0.01114566294286997,0.14,15884.205555555556,-13399.643902439026,291.5064935064934,-63600.0,48447.0,0.4675324675324675,77,50722.27012987013,200.0,142917.9,30287.214667670312,0,0,0,41,573,1,68
6817,70656,48,1472,0,1,0,1,1.0,12541,0.36,0.07667684963645885,0.167,0.01114566294286997,0.14,5128.586206896552,-5260.541666666667,424.07547169811323,-26080.0,22317.0,0.5471698113207547,53,32646.850943396224,600.0,55343.2,12948.761537492877,0,0,0,44,273,1,70
6309,110136,24,4589,0,1,0,0,1.0,12541,0.36,0.07667684963645885,0.167,0.01114566294286997,0.14,13368.28275862069,-10203.929411764706,646.7714285714288,-60700.0,45640.0,0.4603174603174603,63,50815.804761904765,400.0,140542.8,29147.98491700158,0,0,0,38,553,1,64
6940,228276,36,6341,0,1,1,1,1.0,12541,0.36,0.07667684963645885,0.167,0.01114566294286997,0.14,7594.046153846154,-6430.657142857142,2685.4,-9100.0,22288.0,0.65,20,41402.134999999995,500.0,60236.6,14856.81419017355,0,0,0,35,166,1,61
6876,86616,12,7218,0,1,0,1,0.365,9622,0.52,0.04630009122519402,0.154,0.0007139363010166982,0.13999999999999996,4879.433333333333,-7100.0,2483.5466666666666,-11100.0,17859.0,0.8,15,25714.04666666667,800.0,48353.1,11715.975172745155,0,0,0,32,125,1,61
5189,149040,48,3105,0,1,0,0,0.365,9622,0.52,0.04630009122519402,0.154,0.0007139363010166982,0.13999999999999996,9496.58,-5026.411764705882,352.47407407407394,-15900.0,27946.0,0.37037037037037035,54,36845.58888888889,200.0,62441.6,12658.246764300018,0,0,0,25,292,1,53
6903,52128,24,2172,0,1,0,0,0.365,9622,0.52,0.04630009122519402,0.154,0.0007139363010166982,0.13999999999999996,6244.838461538462,-5771.99375,828.8014084507042,-27300.0,44473.0,0.5492957746478874,71,33459.68028169014,144.2,59944.2,20087.36502977943,0,0,0,34,264,0,63
5533,111384,24,4641,0,1,0,1,0.365,9622,0.52,0.04630009122519402,0.154,0.0007139363010166982,0.13999999999999996,19164.74909090909,-10327.241237113401,344.2026315789474,-61700.0,49388.0,0.3618421052631579,152,65097.22434210526,500.0,141386.0,26285.863067554485,0,0,0,27,472,0,55
5549,50460,60,841,0,1,0,0,0.365,9622,0.52,0.04630009122519402,0.154,0.0007139363010166982,0.13999999999999996,8327.073684210525,-4861.808333333333,965.8372093023256,-15000.0,22927.5,0.4418604651162791,43,37570.62790697674,800.0,51971.4,10371.123781863109,0,0,0,46,269,1,75
7176,260028,36,7223,0,1,0,1,0.365,9622,0.52,0.04630009122519402,0.154,0.0007139363010166982,0.13999999999999996,22177.26170212766,-8530.528070175438,433.8577639751553,-51700.0,65008.0,0.2919254658385093,161,50676.8198757764,200.0,124900.7,20993.62804538802,0,0,0,18,689,1,46
5805,137904,24,5746,1,1,0,1,0.365,9622,0.52,0.04630009122519402,0.154,0.0007139363010166982,0.13999999999999996,6195.533333333334,-6866.666666666667,2929.9833333333336,-9000.0,11878.0,0.75,12,26886.191666666666,600.0,43259.7,11982.10175488715,0,0,0,27,129,1,54
7097,75624,24,3151,1,1,0,1,1.0,9897,1.78,0.04827128002683386,0.14,-6.450447661067678e-05,0.3599999999999999,11677.0,-16650.0,1824.1304347826087,-31100.0,49887.0,0.6521739130434783,23,50009.90869565217,400.0,89754.8,20688.41804888367,0,0,0,35,196,1,64
5126,208128,48,4336,1,1,0,1,1.0,9897,1.78,0.04827128002683386,0.14,-6.450447661067678e-05,0.3599999999999999,11823.668965517241,-7468.908571428571,1273.040625,-36500.0,47493.0,0.453125,64,36369.975,-1069.7,96064.0,22812.186440376034,1,0,0,42,439,1,71
5754,23052,12,1921,0,1,1,0,1.0,9897,1.78,0.04827128002683386,0.14,-6.450447661067678e-05,0.3599999999999999,6742.349999999999,-2399.1951219512193,166.85263157894735,-24000.0,20812.0,0.2807017543859649,171,23771.966081871346,700.0,54321.8,8912.019358254425,0,0,0,53,617,1,82
5044,100980,60,1683,0,1,0,1,1.0,9897,1.78,0.04827128002683386,0.14,-6.450447661067678e-05,0.3599999999999999,7692.8,-3734.13488372093,673.3971428571429,-22900.0,20922.0,0.38571428571428573,70,35614.74428571429,600.0,53376.7,9576.327716908689,0,0,0,29,385,1,57
6985,113796,36,3161,0,0,1,1,1.0,9897,1.78,0.04827128002683386,0.14,-6.450447661067678e-05,0.3599999999999999,9973.764000000001,-4580.63829787234,472.9736111111112,-21074.0,28446.0,0.3472222222222222,72,36840.57361111111,500.0,58022.1,11410.835423144199,0,0,0,24,356,1,51
6659,56100,60,935,0,1,0,1,1.0,9897,1.78,0.04827128002683386,0.14,-6.450447661067678e-05,0.3599999999999999,4958.146428571429,-3085.52,226.57794117647063,-10700.0,13986.0,0.4117647058823529,68,20158.001470588235,1000.0,45346.1,8426.832211799325,0,0,0,37,405,1,64
6019,11400,12,950,0,1,0,0,1.0,9897,1.78,0.04827128002683386,0.14,-6.450447661067678e-05,0.3599999999999999,3711.3310344827587,-1662.6708333333333,361.30389610389614,-6700.0,10734.0,0.37662337662337664,77,27533.66363636364,300.0,39514.1,6234.415407995346,0,0,0,16,357,1,42
6011,179328,48,3736,0,1,0,1,1.0,9897,1.78,0.04827128002683386,0.14,-6.450447661067678e-05,0.3599999999999999,11922.27619047619,-6912.677419354839,693.7461538461539,-23040.0,34960.0,0.40384615384615385,52,44093.971153846156,200.0,81614.7,14278.225737036766,0,0,0,23,311,1,49
5170,253200,60,4220,0,2,0,0,0.619,8363,3.005,0.01928970160849423,0.108,0.0016905015394354445,0.9700000000000002,13560.890476190476,-10181.4,1979.2853658536587,-42600.0,46304.0,0.5121951219512195,41,47302.546341463414,800.0,104417.9,26552.739504598183,0,0,0,43,255,0,72
5519,91632,12,7636,0,1,1,0,0.619,8363,3.005,0.01928970160849423,0.108,0.0016905015394354445,0.9700000000000002,8784.244444444445,-4746.8093023255815,472.3114285714286,-18300.0,26378.0,0.38571428571428573,70,40976.94285714286,700.0,64577.8,10641.422753595749,0,0,0,31,365,0,59
5450,199680,60,3328,0,1,0,1,0.619,8363,3.005,0.01928970160849423,0.108,0.0016905015394354445,0.9700000000000002,10072.949999999999,-5698.226086956522,269.24594594594606,-22637.0,29954.0,0.3783783783783784,74,33658.61756756757,500.0,62238.8,11909.168772706618,0,0,0,45,412,0,73
5804,158976,48,3312,0,1,0,1,0.619,8363,3.005,0.01928970160849423,0.108,0.0016905015394354445,0.9700000000000002,13041.75,-6339.340384615385,121.02307692307694,-37300.0,48358.0,0.3333333333333333,156,49916.09102564103,600.0,130293.2,23319.33818504641,0,0,0,56,518,1,83
6578,27984,12,2332,0,2,0,1,0.619,8363,3.005,0.01928970160849423,0.108,0.0016905015394354445,0.9700000000000002,9539.813333333334,-5822.04347826087,241.8473684210526,-25700.0,47513.0,0.39473684210526316,76,30639.86315789474,500.0,82352.4,16237.333801572568,0,0,0,46,519,1,73
6175,290700,60,4845,1,1,0,0,0.619,8363,3.005,0.01928970160849423,0.108,0.0016905015394354445,0.9700000000000002,17131.333333333332,-12205.881034482758,115.74900000000004,-56400.0,49763.0,0.42,100,59647.424000000006,-2825.2,129626.3,31590.330595889613,1,0,0,37,392,1,63
6992,133968,48,2791,0,1,1,1,0.619,8363,3.005,0.01928970160849423,0.108,0.0016905015394354445,0.9700000000000002,17825.64347826087,-6701.075,439.6151898734178,-60800.0,49512.0,0.2911392405063291,79,46772.315189873414,200.0,117458.5,22590.104308053575,0,0,1,53,261,1,79
5988,141648,24,5902,0,1,1,1,0.619,8363,3.005,0.01928970160849423,0.108,0.0016905015394354445,0.9700000000000002,13177.707692307693,-16520.0,4928.344444444444,-34600.0,42127.0,0.7222222222222222,18,45100.42222222222,200.0,123310.1,32279.92216277436,0,0,0,44,200,1,70
6599,72120,12,6010,0,1,1,0,0.619,8363,3.005,0.01928970160849423,0.108,0.0016905015394354445,0.9700000000000002,19563.4225,-11030.725806451614,966.9794117647058,-50700.0,54092.0,0.39215686274509803,102,75686.06568627451,1000.0,109338.9,20598.00230804139,0,0,0,44,616,1,70
6721,21072,24,878,0,1,0,0,0.614,8114,2.5,0.014744403337744053,0.119,0.0024033917528557157,0.2400000000000002,3012.853846153846,-4150.0,2057.806666666667,-5700.0,9738.0,0.8666666666666667,15,21575.686666666665,1100.0,33467.0,9070.837344626276,0,0,0,29,135,0,58
5877,97224,24,4051,0,1,1,0,0.614,8114,2.5,0.014744403337744053,0.119,0.0024033917528557157,0.2400000000000002,5482.85238095238,-3011.4314285714286,173.92499999999998,-11700.0,16257.0,0.375,112,22360.536607142858,1000.0,43393.0,7476.937792262856,0,0,0,43,531,0,71
6751,85716,36,2381,0,1,1,1,0.614,8114,2.5,0.014744403337744053,0.119,0.0024033917528557157,0.2400000000000002,5781.133333333333,-12550.0,1921.9473684210527,-15900.0,21430.0,0.7894736842105263,19,31337.257894736842,800.0,52782.7,12288.06300721313,0,0,0,58,153,1,84
7259,108144,36,3004,0,1,1,0,0.621,8444,3.3550000000000004,0.022503697035941617,0.106,-0.0026637029144583957,0.22999999999999998,16822.82608695652,-11406.3625,398.570909090909,-60600.0,45740.0,0.41818181818181815,55,54652.89818181818,900.0,123863.4,25585.472260311017,0,0,0,30,256,0,59
5624,177744,48,3703,1,1,0,1,0.621,8444,3.3550000000000004,0.022503697035941617,0.106,-0.0026637029144583957,0.22999999999999998,9073.402777777777,-5295.1169491525425,149.79578947368424,-26000.0,45056.0,0.37894736842105264,95,26746.525263157895,-2485.5,89733.5,21147.08070284783,1,0,0,22,511,0,50
7246,148920,60,2482,0,2,0,1,0.621,8444,3.3550000000000004,0.022503697035941617,0.106,-0.0026637029144583957,0.22999999999999998,8064.787499999999,-7583.866666666667,492.85806451612893,-22780.0,22338.0,0.5161290322580645,31,32435.31935483871,400.0,63289.9,15220.65126336407,0,0,0,19,201,1,45
5606,253512,36,7042,1,2,0,0,0.621,8444,3.3550000000000004,0.022503697035941617,0.106,-0.0026637029144583957,0.22999999999999998,12261.32142857143,-10556.0,459.25862068965506,-30200.0,40419.0,0.4827586206896552,29,37095.84482758621,300.0,111044.2,24704.38501837544,0,0,0,51,213,1,77
5285,78936,12,6578,0,1,0,0,0.5920000000000001,8930,3.8600000000000003,0.027088651998518894,0.108,0.0024165416171340595,0.6800000000000002,3975.2083333333335,-2622.3703703703704,482.37254901960785,-6300.0,11416.0,0.47058823529411764,51,25900.31960784314,900.0,40560.3,7684.869705311071,0,0,0,37,273,0,65
6512,63312,48,1319,0,1,0,0,0.5920000000000001,8930,3.8600000000000003,0.027088651998518894,0.108,0.0024165416171340595,0.6800000000000002,2763.92,-1450.7191489361703,348.21219512195125,-4600.0,10500.0,0.4268292682926829,82,22551.77926829268,500.0,31462.9,5522.432869014776,0,0,0,38,402,0,66
6647,208320,48,4340,0,2,1,0,0.5920000000000001,8930,3.8600000000000003,0.027088651998518894,0.108,0.0024165416171340595,0.6800000000000002,12819.854545454546,-7286.0,519.8023529411765,-29700.0,39060.0,0.38823529411764707,85,43944.88941176471,200.0,82981.9,16039.860835602089,0,0,0,26,479,0,54
6686,224604,36,6239,0,1,1,1,0.5920000000000001,8930,3.8600000000000003,0.027088651998518894,0.108,0.0024165416171340595,0.6800000000000002,20475.04411764706,-11116.342372881356,433.19677419354844,-40000.0,56152.0,0.3655913978494624,93,57496.98924731183,200.0,109178.4,21234.856010411902,0,0,0,18,519,1,46
5269,164052,36,4557,1,0,0,0,0.5920000000000001,8930,3.8600000000000003,0.027088651998518894,0.108,0.0024165416171340595,0.6800000000000002,14078.810714285715,-10091.767567567567,320.1738461538462,-41400.0,48181.0,0.4307692307692308,65,41752.161538461536,-2564.7,112045.6,30609.38988808058,1,0,0,19,367,1,47
7192,115992,36,3222,0,2,0,1,0.5920000000000001,8930,3.8600000000000003,0.027088651998518894,0.108,0.0024165416171340595,0.6800000000000002,8683.641304347826,-4812.074074074074,76.13779527559049,-60600.0,46194.0,0.36220472440944884,127,25666.407086614174,200.0,107692.0,17591.055950194852,0,0,0,57,613,0,85
5413,92976,24,3874,0,2,1,0,0.5920000000000001,8930,3.8600000000000003,0.027088651998518894,0.108,0.0024165416171340595,0.6800000000000002,13338.338,-10938.728813559323,197.54036697247713,-45500.0,48996.0,0.45871559633027525,109,50436.46605504587,300.0,122342.1,26490.316135252076,0,0,0,25,569,1,52
6949,104712,24,4363,0,2,1,0,0.5920000000000001,8930,3.8600000000000003,0.027088651998518894,0.108,0.0024165416171340595,0.6800000000000002,13282.386,-10931.103448275862,278.84537037037035,-44800.0,48996.0,0.46296296296296297,108,52379.128703703704,300.0,119752.3,25655.51365409269,0,0,0,25,569,1,52
6303,72408,24,3017,1,0,0,0,0.5920000000000001,8930,3.8600000000000003,0.027088651998518894,0.108,0.0024165416171340595,0.6800000000000002,12129.322222222221,-18200.0,2797.223076923077,-32700.0,49634.0,0.6923076923076923,13,45099.26153846154,700.0,83619.5,19929.621714110985,0,0,0,37,126,1,64
5312,202788,36,5633,0,2,0,0,0.5920000000000001,8930,3.8600000000000003,0.027088651998518894,0.108,0.0024165416171340595,0.6800000000000002,26091.911538461536,-11259.735849056604,1033.2113924050632,-45200.0,72298.0,0.3291139240506329,79,57124.26835443038,1100.0,139880.9,23297.66357464454,0,0,0,42,387,1,69
5388,61560,12,5130,0,2,0,1,0.5920000000000001,8930,3.8600000000000003,0.027088651998518894,0.108,0.0024165416171340595,0.6800000000000002,16171.554545454546,-6851.489795918367,282.4112676056338,-30200.0,46166.0,0.30985915492957744,71,32967.71267605634,200.0,73559.9,17762.224670277326,0,0,0,53,326,1,79
6087,300660,60,5011,0,1,0,1,0.853,9317,6.78,0.053938556643094646,0.097,-0.0006010084453394527,0.5800000000000001,14927.625,-7722.476190476191,513.9242424242424,-48900.0,44519.0,0.36363636363636365,66,45854.89090909091,800.0,135175.2,30520.960807281426,0,0,0,44,304,1,72
5131,48624,24,2026,0,1,0,1,0.853,9317,6.78,0.053938556643094646,0.097,-0.0006010084453394527,0.5800000000000001,15032.102040816326,-10126.164705882353,410.2034188034189,-52900.0,41561.0,0.4188034188034188,117,63857.236752136756,200.0,134187.4,25825.858181660515,0,0,0,33,521,0,61
6810,186384,48,3883,0,2,0,1,0.853,9317,6.78,0.053938556643094646,0.097,-0.0006010084453394527,0.5800000000000001,13975.69512195122,-10416.694444444445,110.54736842105261,-60600.0,49424.0,0.43157894736842106,190,61578.30157894737,700.0,129557.3,27339.88746857486,0,0,0,37,645,1,63
4996,88440,12,7370,0,0,1,0,0.853,9317,6.78,0.053938556643094646,0.097,-0.0006010084453394527,0.5800000000000001,16852.55,-12715.533333333333,2545.4129032258065,-35100.0,47976.0,0.5161290322580645,31,62778.09032258065,200.0,103239.0,21638.258869671175,0,0,0,51,179,1,77
7262,182628,36,5073,0,1,0,1,0.6459999999999999,8819,5.52,0.03103628144198447,0.099,0.003202156021792048,0.28000000000000025,7666.089999999999,-10333.333333333334,3512.3769230769226,-12600.0,23204.0,0.7692307692307693,13,33229.10769230769,500.0,52246.0,14579.421766566596,0,0,0,34,142,1,63
6577,51696,24,2154,0,1,0,0,1.0,10673,5.095000000000001,0.05732083860808349,0.1,-0.0013431315033809862,0.6900000000000004,16546.952272727274,-11894.199999999999,374.5323529411764,-59600.0,46889.0,0.43137254901960786,102,58226.50490196078,600.0,124339.4,26115.030058226144,0,0,1,26,396,1,54
6738,230220,36,6395,1,1,0,0,1.0,10673,5.095000000000001,0.05732083860808349,0.1,-0.0013431315033809862,0.6900000000000004,7839.626315789474,-6626.820454545454,77.14268292682928,-59800.0,47953.0,0.4634146341463415,82,27658.48780487805,-2719.7,130801.0,29524.489997327957,1,0,0,51,356,1,80
6253,59760,24,2490,0,1,1,1,1.0,10673,5.095000000000001,0.05732083860808349,0.1,-0.0013431315033809862,0.6900000000000004,11115.263636363636,-6356.33125,761.7259259259258,-21440.0,34557.0,0.4074074074074074,54,40204.46481481482,300.0,69643.1,12827.193914171468,0,0,0,35,312,1,64
6645,140400,36,3900,0,1,0,1,1.0,10673,5.095000000000001,0.05732083860808349,0.1,-0.0013431315033809862,0.6900000000000004,11883.849999999999,-10137.95652173913,628.2599999999999,-63200.0,44739.0,0.4888888888888889,45,43563.619999999995,400.0,115000.2,18981.79097613385,0,0,0,53,392,0,81
6272,398640,60,6644,0,2,0,0,1.0,10673,5.095000000000001,0.05732083860808349,0.1,-0.0013431315033809862,0.6900000000000004,21806.935294117648,-13117.673076923076,689.7302325581396,-48100.0,59793.0,0.3953488372093023,86,63383.57558139535,400.0,121689.5,21947.881092045613,0,0,0,34,512,1,62
5876,221280,48,4610,0,2,1,1,1.0,10673,5.095000000000001,0.05732083860808349,0.1,-0.0013431315033809862,0.6900000000000004,17512.224,-8836.760869565218,441.050704225352,-32300.0,50178.0,0.352112676056338,71,37596.9323943662,1100.0,106144.8,18388.528003099997,0,0,0,26,389,1,54
6986,151728,48,3161,1,1,0,1,1.0,10673,5.095000000000001,0.05732083860808349,0.1,-0.0013431315033809862,0.6900000000000004,8910.703571428572,-7690.041379310345,464.7105263157895,-27000.0,48906.0,0.49122807017543857,57,30491.098245614037,-669.7,82784.6,24000.12499806356,1,0,0,18,271,1,46
6950,104712,24,4363,0,1,0,1,1.0,10673,5.095000000000001,0.05732083860808349,0.1,-0.0013431315033809862,0.6900000000000004,16041.951388888889,-9522.850420168066,114.1429319371728,-56400.0,49831.0,0.3769633507853403,191,57357.84345549738,400.0,147603.2,27075.74205832393,0,0,0,50,691,1,78
6403,194880,48,4060,0,1,0,1,1.0,10673,5.095000000000001,0.05732083860808349,0.1,-0.0013431315033809862,0.6900000000000004,12922.227027027027,-5883.097368421053,274.3982300884956,-23532.0,36536.0,0.3274336283185841,113,36421.425663716815,300.0,71138.8,13195.884796079004,0,0,0,16,552,1,43
6178,232560,48,4845,0,0,0,0,1.0,10673,5.095000000000001,0.05732083860808349,0.1,-0.0013431315033809862,0.6900000000000004,14073.042857142858,-11983.0,1527.540740740741,-37300.0,39741.0,0.5185185185185185,27,63188.63333333333,600.0,102665.9,26204.030675466118,0,0,0,25,164,1,52
5563,380160,60,6336,0,1,0,1,1.0,10673,5.095000000000001,0.05732083860808349,0.1,-0.0013431315033809862,0.6900000000000004,18684.478723404256,-13768.077419354839,225.22660550458716,-62500.0,48887.0,0.43119266055045874,109,64777.0752293578,1100.0,147375.1,27227.866078850297,0,0,0,46,579,1,73
6509,55368,24,2307,0,1,0,0,0.747,9624,1.955,0.022194430210198936,0.145,-0.0011111167484360652,0.71,9204.863829787233,-8239.490196078432,126.67959183673467,-34100.0,48139.0,0.47959183673469385,98,46061.3193877551,200.0,113350.7,24131.83891162098,0,0,0,54,362,1,83
6808,227880,36,6330,0,1,1,0,0.747,9624,1.955,0.022194430210198936,0.145,-0.0011111167484360652,0.71,8119.228888888889,-8201.27894736842,647.189156626506,-64600.0,49115.0,0.5421686746987951,83,45134.72168674698,1100.0,153213.7,29551.483054320095,0,0,0,38,382,1,67
6745,47304,24,1971,0,1,0,1,0.747,9624,1.955,0.022194430210198936,0.145,-0.0011111167484360652,0.71,15647.294736842105,-12381.714285714286,374.00239520958087,-59900.0,49060.0,0.4550898203592814,167,68740.02335329342,400.0,148093.0,30916.763221258978,0,0,0,23,516,1,51
6764,33984,48,708,0,1,0,1,0.747,9624,1.955,0.022194430210198936,0.145,-0.0011111167484360652,0.71,5087.997222222222,-4079.4764705882358,635.2242857142857,-14700.0,20196.0,0.5142857142857142,70,38587.76,600.0,55077.5,9896.492445941623,0,0,0,23,367,1,50
6933,188688,48,3931,0,1,0,0,0.747,9624,1.955,0.022194430210198936,0.145,-0.0011111167484360652,0.71,10950.116666666667,-10782.16,1071.809090909091,-24500.0,35378.0,0.5454545454545454,22,42203.17272727273,400.0,71255.7,20050.27841673887,0,0,0,30,160,1,57
5494,360000,48,7500,0,0,0,0,0.747,9624,1.955,0.022194430210198936,0.145,-0.0011111167484360652,0.71,18340.457894736843,-12413.172151898734,476.21691176470586,-59500.0,73228.0,0.41911764705882354,136,51149.655147058824,600.0,126072.0,26193.21138092937,0,0,0,23,578,1,49
5725,444864,48,9268,0,1,1,1,0.747,9624,1.955,0.022194430210198936,0.145,-0.0011111167484360652,0.71,8397.544444444446,-4999.718918918919,652.2515625,-16300.0,25862.0,0.421875,64,32404.7734375,800.0,62903.5,11798.830196336487,0,0,0,32,343,1,58
6283,85632,48,1784,0,1,0,0,0.747,9624,1.955,0.022194430210198936,0.145,-0.0011111167484360652,0.71,18351.10263157895,-12710.702127659575,1175.7517647058824,-60800.0,49917.0,0.4470588235294118,85,65066.73529411765,800.0,156504.1,26945.910380677462,0,0,0,47,494,1,73
6995,96168,12,8014,0,2,0,0,0.747,9624,1.955,0.022194430210198936,0.145,-0.0011111167484360652,0.71,7330.079761904762,-9417.184615384615,24.226174496644347,-53500.0,46253.0,0.5637583892617449,149,50492.688590604026,600.0,138010.1,21691.134254741817,0,0,0,24,616,1,50
6585,372120,60,6202,0,1,1,1,0.747,9624,1.955,0.022194430210198936,0.145,-0.0011111167484360652,0.71,18717.614084507044,-12696.732673267326,270.8174418604651,-63300.0,48768.0,0.4127906976744186,172,64044.04593023256,500.0,128495.4,25895.9123556906,0,0,0,51,663,1,77
6073,276300,60,4605,0,1,0,1,0.747,9624,1.955,0.022194430210198936,0.145,-0.0011111167484360652,0.71,3480.195555555555,-2745.331914893617,299.76304347826084,-5760.0,8888.0,0.4891304347826087,92,25997.563043478258,500.0,40755.0,6720.217505796418,0,0,0,20,487,1,46
6520,91200,24,3800,0,1,1,0,0.899,10446,8.370000000000001,0.04041035906418116,0.09,-0.0017014888027023646,2.0600000000000005,10908.277777777777,-9090.766666666666,908.7555555555554,-22100.0,34198.0,0.5,36,32558.533333333333,700.0,76736.9,15743.433555304437,0,0,0,38,231,1,67
7066,215388,36,5983,1,1,0,1,0.899,10446,8.370000000000001,0.04041035906418116,0.09,-0.0017014888027023646,2.0600000000000005,6116.29,-6100.0,2044.1933333333334,-11400.0,49757.0,0.6666666666666666,15,32702.726666666666,1000.0,50757.0,10504.310470160513,0,0,0,34,156,0,63
5880,73836,36,2051,0,1,0,0,0.899,10446,8.370000000000001,0.04041035906418116,0.09,-0.0017014888027023646,2.0600000000000005,13746.65,-25000.0,3550.163157894737,-37000.0,44281.0,0.7368421052631579,19,55315.16842105263,900.0,129607.8,32965.14577809675,0,0,0,28,188,1,55
5125,73056,48,1522,0,1,1,1,0.899,10446,8.370000000000001,0.04041035906418116,0.09,-0.0017014888027023646,2.0600000000000005,3179.5086956521736,-1842.25,422.46470588235286,-7100.0,8538.0,0.45098039215686275,51,23255.149019607845,500.0,33555.4,6550.595429955129,0,0,0,24,290,1,52
7130,123408,24,5142,0,0,0,1,0.899,10446,8.370000000000001,0.04041035906418116,0.09,-0.0017014888027023646,2.0600000000000005,7693.968000000001,-4599.8,128.57230769230767,-27400.0,46000.0,0.38461538461538464,65,28359.255384615386,700.0,85626.9,17185.36385469143,0,0,1,32,384,1,58
6699,7656,24,319,0,1,1,0,0.59,9060,2.11,0.021353935786207333,0.124,0.0007852574251155721,0.6599999999999999,7746.088888888889,-5389.026666666667,448.8024691358025,-21700.0,31677.0,0.4444444444444444,81,46444.63950617284,600.0,73069.1,12923.560345495733,0,0,0,31,367,1,60
5713,158760,60,2646,0,1,0,1,0.59,9060,2.11,0.021353935786207333,0.124,0.0007852574251155721,0.6599999999999999,7197.82909090909,-3393.6774774774776,115.5566265060241,-17200.0,23810.0,0.3313253012048193,166,24908.761445783133,900.0,59898.4,8944.715311238842,0,0,0,17,672,1,44
6302,181020,60,3017,0,1,1,0,0.59,9060,2.11,0.021353935786207333,0.124,0.0007852574251155721,0.6599999999999999,9716.021621621621,-5660.121428571429,457.26881720430094,-19900.0,27150.0,0.3978494623655914,93,34005.9064516129,500.0,60475.3,9801.680644529757,0,0,0,30,551,1,56
6336,212400,36,5900,0,2,0,0,0.598,8965,7.655,0.031886269393840566,0.104,0.001968503937007874,1.1500000000000004,13977.941935483872,-9227.375,904.5239436619718,-42900.0,48828.0,0.43661971830985913,71,51034.361971830986,300.0,133215.2,27309.501085647138,0,0,0,27,391,1,56
6279,87360,24,3640,0,1,0,1,0.598,8965,7.655,0.031886269393840566,0.104,0.001968503937007874,1.1500000000000004,8544.575,-7689.657142857142,968.6,-22800.0,49341.0,0.5333333333333333,30,36783.95,200.0,69174.6,13552.449489852383,0,0,0,31,321,1,60
5723,23628,12,1969,0,1,0,1,0.598,8965,7.655,0.031886269393840566,0.104,0.001968503937007874,1.1500000000000004,11783.88163265306,-8414.980327868852,582.6945454545455,-35200.0,43694.0,0.44545454545454544,110,47420.84181818181,1000.0,140228.7,27950.21068970953,0,0,0,40,547,1,68
6591,20832,48,434,0,1,0,1,0.598,8965,7.655,0.031886269393840566,0.104,0.001968503937007874,1.1500000000000004,4204.593617021276,-1728.301923076923,118.36092715231788,-19700.0,13251.0,0.31125827814569534,151,21368.909933774834,500.0,41997.9,5923.774708486194,0,0,0,46,550,1,74
5212,71064,36,1974,0,1,0,0,0.598,8965,7.655,0.031886269393840566,0.104,0.001968503937007874,1.1500000000000004,7801.575862068966,-3418.3999999999996,365.0802325581395,-13600.0,22908.0,0.3372093023255814,86,34577.3023255814,700.0,55373.3,9923.171541124484,0,0,0,48,403,1,76
5610,123216,48,2567,0,1,1,0,0.598,8965,7.655,0.031886269393840566,0.104,0.001968503937007874,1.1500000000000004,16989.977083333335,-9224.225,606.10078125,-59200.0,48959.0,0.375,128,70622.83359375,700.0,138433.7,28089.524636349874,0,0,0,18,561,1,45
6961,176148,36,4893,0,1,0,0,0.598,8965,7.655,0.031886269393840566,0.104,0.001968503937007874,1.1500000000000004,15688.077777777778,-21900.0,4122.515384615385,-30400.0,34881.0,0.6923076923076923,13,47154.5,1100.0,83783.4,21431.237856261745,0,0,0,32,135,1,59
6421,96768,36,2688,0,1,1,0,0.598,8965,7.655,0.031886269393840566,0.104,0.001968503937007874,1.1500000000000004,16277.060714285715,-11009.505263157895,566.6136363636364,-64100.0,48172.0,0.42424242424242425,66,51611.34242424242,900.0,117830.9,22929.24381405384,0,0,0,28,364,1,54
7055,167100,60,2785,0,1,1,0,0.40700000000000003,8544,1.5750000000000002,0.019304953050354182,0.109,0.0012835648783702158,0.5700000000000001,17751.066666666666,-11879.891304347826,497.59746835443053,-49200.0,49980.0,0.4177215189873418,79,63707.626582278484,1100.0,143605.7,26493.59158887542,0,0,0,24,335,1,52
6362,37908,12,3159,0,1,0,0,0.40700000000000003,8544,1.5750000000000002,0.019304953050354182,0.109,0.0012835648783702158,0.5700000000000001,9919.53870967742,-5808.711111111111,606.7592105263158,-22479.0,28431.0,0.40789473684210525,76,42164.027631578945,800.0,69530.4,12938.940496291016,0,0,0,19,460,1,46
6550,320592,48,6679,0,1,1,0,0.40700000000000003,8544,1.5750000000000002,0.019304953050354182,0.109,0.0012835648783702158,0.5700000000000001,21503.09,-9930.068965517241,785.7806818181817,-46600.0,60108.0,0.3409090909090909,88,60781.306818181816,500.0,117827.8,21161.10823723557,0,0,1,25,465,1,52
5886,192744,36,5354,0,1,1,1,0.40700000000000003,8544,1.5750000000000002,0.019304953050354182,0.109,0.0012835648783702158,0.5700000000000001,16504.253846153846,-14365.861538461539,1069.1961538461542,-34100.0,49871.0,0.5,26,62590.42307692308,200.0,128778.8,28733.343188251627,0,0,0,32,137,1,58
6944,46176,48,962,0,1,0,1,0.40700000000000003,8544,1.5750000000000002,0.019304953050354182,0.109,0.0012835648783702158,0.5700000000000001,8385.281818181818,-8918.833333333334,2277.94705882353,-13400.0,18109.0,0.6470588235294118,17,33613.105882352946,1000.0,54705.1,13279.637852717908,0,0,0,30,161,1,56
5209,182640,48,3805,0,1,0,0,0.40700000000000003,8544,1.5750000000000002,0.019304953050354182,0.109,0.0012835648783702158,0.5700000000000001,11558.89411764706,-7504.4695652173905,597.46,-23900.0,34246.0,0.425,40,37802.229999999996,600.0,64411.8,14199.381522847558,0,0,0,54,242,1,80
6202,65184,12,5432,0,1,0,1,0.41700000000000004,8980,2.08,0.03746411101658868,0.111,-0.00014621437686091024,0.26,17495.916666666668,-8786.192307692309,829.2134146341464,-39900.0,48891.0,0.36585365853658536,82,47426.55,900.0,102410.3,18172.768250468802,0,0,0,36,448,0,65
6296,270384,48,5633,0,1,0,1,0.41700000000000004,8980,2.08,0.03746411101658868,0.111,-0.00014621437686091024,0.26,17764.690625,-9284.272727272728,664.771264367816,-30800.0,50696.0,0.367816091954023,87,47654.244827586204,700.0,91294.4,18202.53979303858,0,0,0,34,437,1,60
6072,193968,36,5388,0,0,0,1,0.626,8994,4.295,0.041747375310673,0.11,-0.0020519896339144354,0.9900000000000002,14309.0,-22822.222222222223,2785.5172413793102,-54200.0,41783.0,0.6896551724137931,29,63579.21724137931,800.0,120567.3,30034.313435862332,0,0,0,21,197,1,50
7198,45768,12,3814,0,2,0,0,0.626,8994,4.295,0.041747375310673,0.11,-0.0020519896339144354,0.9900000000000002,4701.254545454546,-9800.0,2015.837037037037,-23900.0,36574.0,0.8148148148148148,27,32555.818518518518,800.0,78327.5,14361.643030576995,0,0,0,17,274,0,45
6358,137880,60,2298,1,2,0,1,0.626,8994,4.295,0.041747375310673,0.11,-0.0020519896339144354,0.9900000000000002,7317.181578947369,-5060.509803921569,224.34719101123596,-20848.0,20684.0,0.42696629213483145,89,24523.073033707864,200.0,52658.4,11727.066048624869,0,0,0,31,486,0,59
5145,309552,48,6449,0,1,0,1,0.626,8994,4.295,0.041747375310673,0.11,-0.0020519896339144354,0.9900000000000002,20681.70625,-14689.884210526316,1479.9857142857143,-50600.0,58041.0,0.45714285714285713,35,56105.5,700.0,121713.2,21979.384405419012,0,0,0,60,241,1,87
7243,217152,36,6032,0,1,0,1,0.626,8994,4.295,0.041747375310673,0.11,-0.0020519896339144354,0.9900000000000002,18197.285714285714,-9440.655555555555,741.7438596491227,-34200.0,54286.0,0.3684210526315789,57,49107.066666666666,400.0,109774.3,18394.513784863888,0,0,1,21,309,1,48
6540,309600,48,6450,0,2,0,1,0.626,8994,4.295,0.041747375310673,0.11,-0.0020519896339144354,0.9900000000000002,21228.227272727272,-12692.14705882353,633.7142857142857,-34700.0,58052.0,0.39285714285714285,56,58185.58928571428,400.0,112363.1,20963.728475446504,0,0,0,20,348,1,47
5706,161496,36,4486,0,2,0,1,0.626,8994,4.295,0.041747375310673,0.11,-0.0020519896339144354,0.9900000000000002,8837.951923076924,-5515.410256410257,225.93461538461537,-64900.0,42094.0,0.4,130,33219.9,500.0,113865.5,19260.546243938243,0,0,0,24,633,1,51
5136,187104,24,7796,0,1,0,0,0.626,8994,4.295,0.041747375310673,0.11,-0.0020519896339144354,0.9900000000000002,18044.1875,-22425.466666666667,3475.1119999999996,-49500.0,43502.0,0.64,25,66292.372,300.0,137193.5,34581.40134837078,0,0,0,19,141,1,45
6865,29448,12,2454,1,1,0,1,0.626,8994,4.295,0.041747375310673,0.11,-0.0020519896339144354,0.9900000000000002,7487.844444444445,-11800.0,3980.9636363636364,-13900.0,22090.0,0.8181818181818182,11,28977.436363636363,800.0,43790.6,11482.495155433136,0,0,0,48,119,1,75
6818,155616,48,3242,0,1,1,0,0.626,8994,4.295,0.041747375310673,0.11,-0.0020519896339144354,0.9900000000000002,6448.582857142857,-3830.458823529412,352.8720930232558,-36960.0,26388.0,0.4069767441860465,172,44197.50988372093,200.0,75294.1,11044.494392196431,0,0,0,25,691,1,51
5130,24312,12,2026,0,1,0,0,0.569,8427,1.33,0.020158414155071275,0.107,0.00041519839030777913,0.41999999999999993,5601.632432432432,-4360.941463414634,364.89487179487185,-24322.0,18231.0,0.47435897435897434,78,29380.839743589742,1100.0,48277.9,7695.862800862465,0,0,0,38,455,1,67
5390,170256,24,7094,0,1,0,0,0.569,8427,1.33,0.020158414155071275,0.107,0.00041519839030777913,0.41999999999999993,11986.912903225806,-7136.769565217392,562.3753246753247,-29300.0,36552.0,0.4025974025974026,77,40091.18311688312,200.0,79869.8,13589.38398884065,0,0,0,29,448,1,57
6342,60156,36,1671,1,1,0,1,0.569,8427,1.33,0.020158414155071275,0.107,0.00041519839030777913,0.41999999999999993,18483.85769230769,-13795.58,1191.3017857142856,-53600.0,49767.0,0.4642857142857143,56,72667.63571428572,400.0,159712.8,34206.987415175485,0,0,0,19,230,1,46
4973,165960,24,6915,0,1,0,0,0.569,8427,1.33,0.020158414155071275,0.107,0.00041519839030777913,0.41999999999999993,21979.508108108108,-8972.186363636363,189.51520000000002,-41400.0,62235.0,0.296,125,52523.2448,700.0,107069.6,20955.646998372446,0,0,0,51,561,1,78
6354,22968,36,638,0,1,0,0,0.569,8427,1.33,0.020158414155071275,0.107,0.00041519839030777913,0.41999999999999993,4243.1,-3600.0,3530.090909090909,-3600.0,8200.0,0.9090909090909091,11,23324.936363636363,1000.0,38831.0,11195.573958245528,0,0,0,46,120,1,72
7233,115812,36,3217,0,1,0,1,0.569,8427,1.33,0.020158414155071275,0.107,0.00041519839030777913,0.41999999999999993,16554.986274509803,-10992.139726027397,337.72661290322566,-50800.0,49887.0,0.4112903225806452,124,56646.51612903226,1100.0,119527.2,21971.162852105062,0,0,0,43,585,1,69
5568,272520,60,4542,0,1,1,1,0.467,10124,0.55,0.04412275748229877,0.141,0.005494982841753182,-0.020000000000000018,13755.75294117647,-8753.708,357.26428571428573,-56700.0,42400.0,0.40476190476190477,84,44602.64166666666,1100.0,121891.4,24196.754530887032,0,0,0,54,333,1,83
6841,172080,48,3585,0,1,0,0,0.467,10124,0.55,0.04412275748229877,0.141,0.005494982841753182,-0.020000000000000018,10713.956,-12331.729411764705,1385.940476190476,-40100.0,45518.0,0.5952380952380952,42,60743.95714285715,200.0,119138.8,21110.31187474146,0,0,0,37,198,1,65
6157,98592,24,4108,0,0,0,0,0.467,10124,0.55,0.04412275748229877,0.141,0.005494982841753182,-0.020000000000000018,12494.761538461538,-9120.0,1687.380769230769,-24500.0,36975.0,0.5,26,54128.56538461538,900.0,78713.7,19656.29438137193,0,0,0,31,183,1,58
5591,155616,48,3242,0,1,0,0,0.467,10124,0.55,0.04412275748229877,0.141,0.005494982841753182,-0.020000000000000018,9343.175,-8931.7,814.8999999999997,-21800.0,29176.0,0.5333333333333333,30,39426.07,300.0,62153.6,13711.094458293303,0,0,0,37,228,1,63
6998,97632,12,8136,0,1,0,0,0.67,9104,1.79,0.022511538796481757,0.123,0.000532187678403824,0.5599999999999998,25763.21,-10531.866666666667,635.8492307692305,-54700.0,73224.0,0.3076923076923077,65,53379.12769230769,1100.0,119900.1,22871.826586869844,0,0,0,25,301,0,54
6545,191880,60,3198,0,1,0,1,0.67,9104,1.79,0.022511538796481757,0.123,0.000532187678403824,0.5599999999999998,16177.397142857144,-9378.611538461539,902.541379310345,-59200.0,46829.0,0.40229885057471265,87,53685.786206896555,400.0,128539.4,26747.651934377307,0,0,0,46,272,1,73
6501,30276,12,2523,1,1,0,0,0.67,9104,1.79,0.022511538796481757,0.123,0.000532187678403824,0.5599999999999998,4202.679310344827,-6436.023529411765,270.98478260869564,-18500.0,22708.0,0.6304347826086957,92,31318.872826086954,1000.0,58621.4,12216.3463270595,0,0,0,57,388,1,83
4961,30276,12,2523,1,1,0,0,0.67,9104,1.79,0.022511538796481757,0.123,0.000532187678403824,0.5599999999999998,5264.765217391305,-6656.611764705882,198.18,-18200.0,22708.0,0.575,80,25197.0925,715.0,58157.5,15039.248404932323,0,0,0,57,388,1,83
6580,196080,48,4085,0,1,0,1,0.855,8624,2.225,0.03475789016117778,0.102,0.003649092302588682,0.8700000000000001,14476.62,-7506.481481481482,1848.0297872340425,-35700.0,46888.0,0.425531914893617,47,49143.96595744681,900.0,97457.4,23182.39661204049,0,0,0,36,231,1,64
6729,74688,12,6224,0,1,1,0,0.855,8624,2.225,0.03475789016117778,0.102,0.003649092302588682,0.8700000000000001,13496.94693877551,-10038.368253968254,258.33214285714297,-38400.0,56019.0,0.4375,112,48484.62410714286,1100.0,104902.4,20930.650934412955,0,0,0,49,496,1,77
6316,76908,12,6409,1,1,0,0,0.674,9753,4.845,0.03714649783512239,0.109,0.004323083799777174,0.41000000000000014,15876.135714285712,-10865.153333333332,145.9656862745098,-52200.0,47434.0,0.4117647058823529,102,52890.40392156863,1100.0,126002.8,23250.780434566495,0,0,0,48,485,0,76
5151,189060,60,3151,0,0,0,0,0.674,9753,4.845,0.03714649783512239,0.109,0.004323083799777174,0.41000000000000014,21569.60714285714,-14564.3125,2298.1833333333334,-40300.0,60016.0,0.4666666666666667,30,72242.89666666667,200.0,101793.6,24683.06321415813,0,0,0,36,203,1,63
5938,402000,60,6700,0,1,0,1,0.674,9753,4.845,0.03714649783512239,0.109,0.004323083799777174,0.41000000000000014,3118.0344827586205,-2927.64,319.1111111111111,-9100.0,9500.0,0.5370370370370371,54,21568.935185185186,200.0,35650.8,7900.831741722059,0,0,0,16,315,1,42
6407,25944,24,1081,0,1,0,0,0.856,9832,3.9000000000000004,0.050214917825537296,0.114,-0.008209018120522545,1.1600000000000006,12249.336842105264,-9074.355555555556,1875.6486486486488,-29900.0,36289.5,0.5135135135135135,37,56927.45405405405,600.0,80155.2,17426.036797826957,0,0,0,34,260,1,62
7166,198240,24,8260,0,1,0,1,0.856,9832,3.9000000000000004,0.050214917825537296,0.114,-0.008209018120522545,1.1600000000000006,7095.2,-8540.6,2209.0125,-13000.0,19455.0,0.6875,16,30953.14375,300.0,51947.2,13022.421614480605,0,0,0,39,160,1,66
5002,104808,12,8734,0,1,1,1,0.483,8512,3.815,0.01728495136372306,0.102,-0.0011443829868395957,0.6100000000000003,9470.5,-4757.2555555555555,933.8466666666667,-16400.0,25970.0,0.4,30,38709.829999999994,500.0,57865.3,11517.175248212317,0,0,0,54,186,1,83
7137,151560,24,6315,0,1,0,1,0.483,8512,3.815,0.01728495136372306,0.102,-0.0011443829868395957,0.6100000000000003,19058.40769230769,-15095.746666666668,761.5392857142855,-37200.0,56835.0,0.4642857142857143,28,53976.29285714286,300.0,97912.7,22844.00616457968,0,0,0,41,194,1,69
5836,79632,24,3318,0,1,0,0,0.483,8512,3.815,0.01728495136372306,0.102,-0.0011443829868395957,0.6100000000000003,24446.25,-25786.0,5609.15625,-64300.0,66165.0,0.625,16,63494.2,900.0,119373.5,29061.53705517541,0,0,0,35,141,1,63
5970,465072,48,9689,0,1,1,1,0.483,8512,3.815,0.01728495136372306,0.102,-0.0011443829868395957,0.6100000000000003,12116.376315789474,-6511.843076923076,360.7038834951457,-42880.0,35163.0,0.36893203883495146,103,27778.74563106796,300.0,79557.6,13613.100566191757,0,0,0,47,541,1,74
6109,368880,60,6148,0,1,1,1,0.483,8512,3.815,0.01728495136372306,0.102,-0.0011443829868395957,0.6100000000000003,19070.65344827586,-8067.622580645161,580.839010989011,-64500.0,49781.0,0.31868131868131866,182,60030.743406593414,1100.0,151062.3,28681.80838333561,0,0,0,21,590,1,48
5918,300204,36,8339,0,1,0,1,0.48,8720,4.115,0.02278424737888536,0.116,-0.00048161823727725157,0.77,9277.392592592592,-4921.745454545454,477.92676056338024,-18300.0,28365.0,0.38028169014084506,71,34084.460563380286,300.0,57676.7,11447.547499735838,0,0,0,30,364,0,58
6150,83016,12,6918,0,1,0,1,0.48,8720,4.115,0.02278424737888536,0.116,-0.00048161823727725157,0.77,20124.31791044776,-9929.641860465117,343.90561224489795,-64400.0,48883.0,0.34183673469387754,196,67891.93520408163,700.0,136436.6,25921.044106424713,0,0,0,15,632,0,43
6223,61056,48,1272,0,1,0,0,0.48,8720,4.115,0.02278424737888536,0.116,-0.00048161823727725157,0.77,8584.58695652174,-3998.0536585365858,523.8328125,-13500.0,24372.0,0.359375,64,36039.0515625,900.0,55816.0,9064.78033824496,0,0,0,37,347,0,65
6642,77640,12,6470,0,2,0,1,0.43799999999999994,8561,0.97,0.016018306636155607,0.11,0.0014562096941959641,0.64,18776.677272727273,-10059.5,513.765,-35000.0,58227.0,0.36666666666666664,60,55570.305,700.0,117489.5,23174.95183686821,0,0,0,26,333,0,55
5923,64656,48,1347,0,1,1,1,0.43799999999999994,8561,0.97,0.016018306636155607,0.11,0.0014562096941959641,0.64,6738.766666666666,-5300.0,3729.0750000000003,-5700.0,13609.0,0.75,12,25896.466666666664,200.0,44749.0,11814.971181770212,0,0,0,49,124,1,75
6596,91584,24,3816,0,1,0,0,0.847,8705,6.68,0.03554048902277671,0.116,0.001562301441951905,1.8600000000000003,18390.37142857143,-12213.070588235294,1607.8387096774193,-30600.0,47906.0,0.45161290322580644,31,50765.41612903226,1000.0,83039.4,18234.74108903289,0,0,0,42,211,0,71
5445,46320,24,1930,0,1,0,1,0.847,8705,6.68,0.03554048902277671,0.116,0.001562301441951905,1.8600000000000003,15197.84375,-5430.335384615384,132.3196629213483,-61600.0,49053.0,0.2696629213483146,178,43657.81348314606,900.0,119892.5,20752.088935048898,0,0,0,17,544,1,43
5837,244560,60,4076,0,1,0,0,0.636,8757,3.665,0.021449378916126194,0.096,0.002372577040049833,0.5700000000000003,12456.16111111111,-8453.533333333333,507.76428571428585,-24600.0,36680.0,0.42857142857142855,42,38426.728571428575,1000.0,72512.5,15757.722747155978,0,0,0,26,258,0,55
6836,189300,60,3155,0,1,0,1,0.636,8757,3.665,0.021449378916126194,0.096,0.002372577040049833,0.5700000000000003,6502.74761904762,-4142.723333333333,240.70588235294122,-24960.0,28413.0,0.4117647058823529,102,32354.031372549023,800.0,61043.3,12250.079572479322,0,0,0,40,413,0,69
6043,20352,48,424,0,1,1,0,0.636,8757,3.665,0.021449378916126194,0.096,0.002372577040049833,0.5700000000000003,4421.572727272727,-2922.8076923076924,443.3666666666666,-9600.0,12549.0,0.4583333333333333,48,31814.41458333333,400.0,44427.9,9092.645216549368,0,0,0,47,283,1,74
6232,276660,36,7685,1,1,0,1,0.46,8772,4.835000000000001,0.024124232574936802,0.126,0.002439709481963003,0.29000000000000004,3712.366666666667,-3270.9857142857145,341.0931034482759,-9800.0,11600.0,0.5172413793103449,58,19256.894827586206,500.0,32720.4,6029.338312664938,0,0,0,45,314,1,73
5032,123696,48,2577,0,1,0,1,0.46,8772,4.835000000000001,0.024124232574936802,0.126,0.002439709481963003,0.29000000000000004,12984.854545454546,-6678.964102564103,412.90491803278684,-32100.0,48476.0,0.36065573770491804,61,49084.381967213114,300.0,89822.2,20572.457529737083,0,0,0,54,336,1,82
6888,39576,12,3298,0,1,0,0,0.81,9272,3.01,0.04209579470387786,0.118,0.0015705610234346742,0.4200000000000004,9203.384905660378,-7481.906451612904,207.83652173913046,-38400.0,49603.0,0.4608695652173913,115,48944.827826086956,300.0,103467.2,26896.8541402657,0,0,0,14,522,0,42
5337,162468,36,4513,0,1,1,0,0.81,9272,3.01,0.04209579470387786,0.118,0.0015705610234346742,0.4200000000000004,15043.88,-15160.0,4975.92,-34500.0,40614.0,0.6666666666666666,15,51279.55333333334,700.0,83862.8,24180.888923925817,0,0,0,38,148,1,65
5088,91152,24,3798,0,1,0,1,0.81,9272,3.01,0.04209579470387786,0.118,0.0015705610234346742,0.4200000000000004,12375.087096774194,-7483.673913043478,511.4116883116883,-26700.0,34184.0,0.4025974025974026,77,44829.54415584415,400.0,72327.7,13400.064096640634,0,0,1,53,465,1,80
5060,252060,60,4201,1,1,0,0,0.519,8441,3.9650000000000003,0.018668148911363574,0.115,0.0033712028777238504,1.0300000000000002,14985.173076923076,-9129.085714285715,1149.122950819672,-41700.0,49937.0,0.4262295081967213,61,57340.50819672131,900.0,106259.6,21418.913855883657,0,0,0,28,232,0,57
6594,189696,24,7904,1,1,0,0,0.519,8441,3.9650000000000003,0.018668148911363574,0.115,0.0033712028777238504,1.0300000000000002,4500.0,0.0,4500.0,600.0,11500.0,1.0,5,14900.0,600.0,22500.0,8889.038193190532,0,0,0,24,134,1,52
5887,192744,36,5354,0,1,1,0,0.519,8441,3.9650000000000003,0.018668148911363574,0.115,0.0033712028777238504,1.0300000000000002,9241.760606060607,-6417.6511627906975,381.8302631578949,-47700.0,41064.0,0.4342105263157895,76,37265.65526315789,700.0,121508.1,16917.161794126067,0,0,0,23,488,1,51
5495,89340,60,1489,0,1,1,0,0.519,8441,3.9650000000000003,0.018668148911363574,0.115,0.0033712028777238504,1.0300000000000002,6166.780000000001,-3408.875,943.6954545454545,-8200.0,17313.0,0.45454545454545453,44,39644.76363636364,500.0,54020.1,10748.387757632041,0,0,0,24,267,1,51
7013,89340,60,1489,0,1,1,0,0.519,8441,3.9650000000000003,0.018668148911363574,0.115,0.0033712028777238504,1.0300000000000002,6167.025,-3379.7083333333335,959.7159090909091,-8200.0,17313.0,0.45454545454545453,44,40005.48181818182,500.0,54628.1,10876.871704682686,0,0,0,24,267,1,51
7136,54396,36,1511,0,1,0,1,0.519,8441,3.9650000000000003,0.018668148911363574,0.115,0.0033712028777238504,1.0300000000000002,4458.814285714286,-2912.733333333333,1574.2956521739131,-5400.0,11244.0,0.6086956521739131,23,30293.708695652174,800.0,42308.8,10625.946392927808,0,0,0,57,191,1,83
6004,143904,24,5996,0,1,0,1,0.52,8187,5.140000000000001,0.02074379440399965,0.094,0.00010720307185529534,0.6200000000000001,14003.602127659575,-6737.315217391304,275.80071942446034,-60500.0,46108.0,0.3381294964028777,139,49727.45611510792,700.0,134571.2,23416.563215441554,0,0,0,43,518,0,71
6216,141240,24,5885,0,1,0,1,0.52,8187,5.140000000000001,0.02074379440399965,0.094,0.00010720307185529534,0.6200000000000001,18498.09259259259,-6047.690666666666,449.7225490196078,-43500.0,52968.0,0.2647058823529412,102,57219.57450980392,1000.0,107784.1,19476.293991224597,0,0,0,32,388,1,60
5900,135360,48,2820,0,1,0,1,0.52,8187,5.140000000000001,0.02074379440399965,0.094,0.00010720307185529534,0.6200000000000001,18854.3875,-12188.253333333334,712.5844155844156,-46400.0,48633.0,0.4155844155844156,77,64881.31428571429,200.0,146479.5,30587.603643206054,0,0,1,20,363,1,47
5395,299088,36,8308,1,1,0,0,0.631,8110,6.16,0.029810285326343184,0.109,-0.0015558111905255812,0.7800000000000002,17668.68043478261,-9916.3825,154.35476190476183,-59400.0,47189.0,0.36507936507936506,126,51992.85476190476,500.0,193909.9,33855.698025767204,0,0,0,27,419,1,56
7308,129408,24,5392,0,1,0,0,0.631,8110,6.16,0.029810285326343184,0.109,-0.0015558111905255812,0.7800000000000002,8811.758620689656,-2965.9153846153845,226.1644859813084,-16100.0,24212.0,0.27102803738317754,107,30869.781308411217,1000.0,56055.6,11709.142374755249,0,0,0,34,440,1,60
5595,82896,12,6908,0,1,1,1,0.608,8208,2.0749999999999997,0.024991742088921187,0.155,0.006117460527185043,0.3699999999999999,20655.870588235295,-7111.017391304347,381.6349206349206,-38600.0,62168.0,0.2698412698412698,126,57141.73095238096,900.0,107680.9,24685.92139144404,0,0,1,22,482,0,50
6474,63360,60,1056,0,1,1,1,0.608,8208,2.0749999999999997,0.024991742088921187,0.155,0.006117460527185043,0.3699999999999999,4125.163265306122,-2521.3942857142856,215.4235294117647,-7300.0,12138.0,0.4117647058823529,119,29108.363865546216,700.0,40733.8,6107.706916241164,0,0,0,39,638,1,67
6895,41904,12,3492,0,1,0,1,0.899,10177,7.1899999999999995,0.03501561038169223,0.081,0.0008059231850084271,1.12,7938.838095238095,-5761.775,274.15944055944055,-51700.0,48546.0,0.4405594405594406,143,36080.38671328671,900.0,129123.0,20303.817120135827,0,0,0,20,603,0,48
6306,36684,12,3057,0,1,0,0,0.899,10177,7.1899999999999995,0.03501561038169223,0.081,0.0008059231850084271,1.12,6311.736,-3739.9146666666666,280.74559999999997,-24480.0,18552.0,0.4,125,30229.797599999998,700.0,50774.2,7937.353315967115,0,0,0,16,631,0,44
6694,134784,24,5616,0,1,0,0,0.899,10177,7.1899999999999995,0.03501561038169223,0.081,0.0008059231850084271,1.12,8822.476666666666,-9938.224,294.8854545454546,-58800.0,43785.0,0.5454545454545454,55,44005.112727272724,900.0,112839.2,25288.200975246633,0,0,0,54,288,1,82
7263,89880,24,3745,0,2,0,1,0.899,10177,7.1899999999999995,0.03501561038169223,0.081,0.0008059231850084271,1.12,16579.96153846154,-11028.75,1347.5689655172414,-47100.0,46981.0,0.4482758620689655,29,62571.28275862069,800.0,116004.2,27471.97500043153,0,0,0,32,154,1,59
6816,100224,48,2088,1,1,0,0,0.899,10177,7.1899999999999995,0.03501561038169223,0.081,0.0008059231850084271,1.12,4005.8066666666664,-9566.666666666666,1743.7277777777776,-15100.0,18792.0,0.8333333333333334,18,28124.933333333334,700.0,46487.1,9838.648370404879,0,0,0,39,125,1,65
5452,49440,60,824,0,1,0,0,0.899,10177,7.1899999999999995,0.03501561038169223,0.081,0.0008059231850084271,1.12,10568.796774193548,-3577.3544303797466,409.2881818181818,-20000.0,30378.0,0.2818181818181818,110,47798.865454545456,300.0,74419.8,12804.463916870107,0,0,0,29,464,1,56
6190,123600,60,2060,0,1,1,1,0.899,10177,7.1899999999999995,0.03501561038169223,0.081,0.0008059231850084271,1.12,11561.24,-7438.593103448276,316.4408163265305,-43300.0,47109.0,0.40816326530612246,49,39514.67755102041,300.0,105255.7,23277.873093332153,0,0,0,28,297,1,55
6921,86184,12,7182,0,1,0,0,0.899,10177,7.1899999999999995,0.03501561038169223,0.081,0.0008059231850084271,1.12,23035.90625,-12516.030769230769,1027.564285714286,-50500.0,64642.0,0.38095238095238093,42,59935.271428571425,300.0,128146.0,24799.97403787278,0,0,0,55,237,1,82
5366,86184,12,7182,0,1,0,0,0.899,10177,7.1899999999999995,0.03501561038169223,0.081,0.0008059231850084271,1.12,23036.1125,-12650.646153846154,944.3095238095239,-50500.0,64642.0,0.38095238095238093,42,60273.67857142857,300.0,128146.0,25642.077157191914,0,0,0,55,237,1,82
6805,45024,48,938,0,1,0,0,0.899,10177,7.1899999999999995,0.03501561038169223,0.081,0.0008059231850084271,1.12,8544.93,-6974.431578947369,984.2153846153844,-22100.0,31636.5,0.5128205128205128,39,41994.90769230769,800.0,63659.3,13151.510254347311,0,0,0,39,214,1,65
6297,17508,12,1459,0,1,0,1,0.58,8754,4.07,0.035561323815704086,0.137,0.0005933067581347919,0.47999999999999954,6398.487096774194,-3666.487804878049,667.0430555555556,-13300.0,17580.0,0.4305555555555556,72,39290.618055555555,900.0,54432.3,9324.209981583175,0,0,0,48,450,0,76
6461,74124,36,2059,0,2,0,0,0.58,8754,4.07,0.035561323815704086,0.137,0.0005933067581347919,0.47999999999999954,14442.828205128206,-6477.253012048192,210.31393442622942,-43200.0,49816.0,0.319672131147541,122,54371.29918032787,400.0,159765.9,30062.389743314227,0,0,0,57,529,1,83
7271,392460,60,6541,0,1,1,0,0.58,8754,4.07,0.035561323815704086,0.137,0.0005933067581347919,0.47999999999999954,20602.67391304348,-9221.420618556702,372.34405594405587,-35300.0,58870.0,0.32167832167832167,143,57131.740559440565,900.0,115913.4,20293.363479654072,0,0,0,15,678,1,42
5161,98184,24,4091,0,1,0,0,0.43700000000000006,8403,5.73,0.02134413309982487,0.105,0.0049124343257443085,-0.020000000000000462,9059.654545454545,-10233.333333333334,4925.442857142858,-18200.0,24545.0,0.7857142857142857,14,41660.392857142855,500.0,68956.1,19672.650902026955,0,0,0,49,111,1,77
5208,99696,48,2077,1,1,0,0,0.43700000000000006,8403,5.73,0.02134413309982487,0.105,0.0049124343257443085,-0.020000000000000462,14426.435555555556,-9781.31111111111,305.24999999999994,-55900.0,49327.0,0.4166666666666667,108,46341.29351851852,-974.6,127684.9,28762.206936050658,1,0,0,23,646,0,51
6955,244368,48,5091,0,0,0,1,0.43700000000000006,8403,5.73,0.02134413309982487,0.105,0.0049124343257443085,-0.020000000000000462,20764.9109375,-15534.5,598.5715277777778,-57200.0,49769.0,0.4444444444444444,144,75924.24097222222,200.0,143453.3,25561.827684429158,0,0,0,25,488,1,52
7213,113544,36,3154,0,1,0,1,0.43700000000000006,8403,5.73,0.02134413309982487,0.105,0.0049124343257443085,-0.020000000000000462,9068.926923076924,-4942.337777777778,188.54788732394363,-20900.0,28386.0,0.36619718309859156,71,33990.41971830986,700.0,68048.1,12325.831191185674,0,0,0,53,358,1,80
5470,200976,48,4187,0,1,0,1,0.43700000000000006,8403,5.73,0.02134413309982487,0.105,0.0049124343257443085,-0.020000000000000462,12752.429411764706,-9408.877777777778,1355.1857142857143,-26600.0,37686.0,0.4857142857142857,35,47938.065714285716,600.0,83553.5,18916.939576271827,0,0,0,41,219,1,67
5176,192552,24,8023,1,2,0,0,0.584,8547,3.145,0.021975766497749342,0.12,-0.00029725674489709255,0.9900000000000002,6090.784615384615,-5445.4,435.79215686274506,-18000.0,23844.0,0.5098039215686274,51,23979.011764705883,800.0,49563.0,13015.026674865436,0,0,0,30,440,1,58
6712,266220,60,4437,0,1,0,0,0.584,8547,3.145,0.021975766497749342,0.12,-0.00029725674489709255,0.9900000000000002,7942.118867924528,-4206.287912087912,265.00069444444443,-23840.0,33190.0,0.3680555555555556,144,34922.881250000006,900.0,66744.4,11836.447603426754,0,0,0,30,522,1,57
6013,128988,36,3583,1,2,0,1,0.584,8547,3.145,0.021975766497749342,0.12,-0.00029725674489709255,0.9900000000000002,8997.414285714285,-6494.2361702127655,118.05365853658544,-27600.0,42530.0,0.4268292682926829,82,34740.70243902439,-36.1,78192.9,17311.11971554469,1,0,0,56,551,1,83
6715,220620,60,3677,0,1,0,0,0.584,8547,3.145,0.021975766497749342,0.12,-0.00029725674489709255,0.9900000000000002,7748.148148148148,-5296.902702702702,206.47812500000003,-20500.0,33096.0,0.421875,128,36907.45625,1100.0,70272.7,14352.078379313041,0,0,0,52,521,1,79
5861,51408,24,2142,0,1,0,1,0.556,8843,3.21,0.018659491621822635,0.113,0.0015312595703723148,0.7800000000000002,14636.95806451613,-12258.993939393938,768.7328124999999,-57700.0,49907.0,0.484375,64,52299.2859375,900.0,137087.2,27533.493654127193,0,0,0,45,387,1,73
5418,347952,48,7249,0,1,0,0,0.556,8843,3.21,0.018659491621822635,0.113,0.0015312595703723148,0.7800000000000002,16705.18,-11110.177142857143,479.55500000000006,-54600.0,49271.0,0.4166666666666667,120,54157.19416666667,300.0,123013.2,23422.026500661654,0,0,0,30,657,1,58
6704,417060,60,6951,0,1,1,0,0.556,8843,3.21,0.018659491621822635,0.113,0.0015312595703723148,0.7800000000000002,10538.953658536584,-10639.951515151515,1094.3067567567568,-52700.0,43656.0,0.5540540540540541,74,58445.02702702703,200.0,127508.6,25817.73541355227,0,0,0,33,558,1,61
5625,222180,60,3703,1,1,0,1,0.556,8843,3.21,0.018659491621822635,0.113,0.0015312595703723148,0.7800000000000002,13417.557142857142,-10197.18064516129,1009.8135593220338,-52600.0,44352.0,0.4745762711864407,59,55230.44406779661,800.0,130659.1,26510.559286203963,0,0,0,57,382,1,83
6598,68112,12,5676,0,1,0,0,0.805,8867,1.115,0.03945115356885364,0.13,0.0026586157173756307,0.18999999999999995,20195.84054054054,-6434.816363636364,268.1380952380952,-42100.0,57164.0,0.25170068027210885,147,47220.13401360544,300.0,111588.8,19532.468493474174,0,0,0,17,532,0,45
5464,95808,12,7984,0,1,0,1,0.763,9425,2.11,0.024639489910660225,0.125,-0.0011986110939488676,0.78,18972.2875,-13727.82,805.5611111111111,-57700.0,49008.0,0.4444444444444444,90,59701.78666666667,900.0,122452.2,24705.82136034003,0,0,0,54,429,0,82
6535,41952,12,3496,0,1,0,1,0.763,9425,2.11,0.024639489910660225,0.125,-0.0011986110939488676,0.78,10373.63870967742,-4012.2972972972975,234.9790476190476,-25400.0,31462.0,0.29523809523809524,105,41502.025714285715,500.0,71527.0,13263.348751707794,0,0,0,22,425,1,50
6130,32640,48,680,0,1,0,1,0.763,9425,2.11,0.024639489910660225,0.125,-0.0011986110939488676,0.78,4044.684615384616,-2043.2735294117647,175.70186915887848,-20700.0,11200.0,0.3644859813084112,107,25906.40934579439,300.0,43206.0,7545.466318441954,0,0,0,53,482,1,80
6006,359760,60,5996,0,1,0,1,0.763,9425,2.11,0.024639489910660225,0.125,-0.0011986110939488676,0.78,8558.235999999999,-7565.060869565217,832.4895833333334,-51700.0,37346.0,0.5208333333333334,48,32434.693750000002,900.0,127807.6,24143.874396857613,0,0,0,17,475,1,43
6315,43164,12,3597,0,1,0,0,0.5379999999999999,8814,5.25,0.017689169359695327,0.107,-0.00044954494177120704,0.9800000000000004,19429.61153846154,-11019.06511627907,454.3492753623188,-43700.0,57680.0,0.37681159420289856,69,68377.06376811593,800.0,120071.4,22291.65403318662,0,0,0,19,363,1,46
6151,225420,60,3757,0,1,0,0,0.5379999999999999,8814,5.25,0.017689169359695327,0.107,-0.00044954494177120704,0.9800000000000004,7056.204545454545,-4235.620689655172,635.3627450980392,-14800.0,20727.0,0.43137254901960786,51,31185.156862745098,200.0,53271.6,9614.3623318295,0,0,0,46,312,1,74
6965,139536,24,5814,0,1,0,0,0.5379999999999999,8814,5.25,0.017689169359695327,0.107,-0.00044954494177120704,0.9800000000000004,18070.40597014925,-11982.083673469388,221.04848484848486,-53200.0,49193.0,0.40606060606060607,165,63889.87393939393,800.0,151546.9,30644.157075754654,0,0,0,53,576,1,81
7305,54024,12,4502,0,1,0,1,0.5379999999999999,8814,5.25,0.017689169359695327,0.107,-0.00044954494177120704,0.9800000000000004,14509.60888888889,-6149.507843137256,174.71156462585037,-30100.0,40521.0,0.30612244897959184,147,36480.18503401361,1000.0,81705.8,15469.988112964207,0,0,1,28,675,1,54
6294,79920,60,1332,0,1,0,1,1.0,10787,2.865,0.03608704069839072,0.131,0.0012907086577216645,0.44999999999999973,13163.365517241378,-5310.090909090909,329.17473684210523,-24300.0,36634.5,0.30526315789473685,95,43846.97789473684,700.0,74199.5,11483.013284673825,0,0,0,41,443,1,69
6676,29784,24,1241,0,1,1,0,1.0,10787,2.865,0.03608704069839072,0.131,0.0012907086577216645,0.44999999999999973,6735.577777777778,-7566.666666666667,3160.0166666666664,-11300.0,17241.0,0.75,12,27626.083333333332,200.0,49220.3,13131.977125726578,0,0,0,25,125,1,52
5350,249312,48,5194,0,2,0,1,1.0,10787,2.865,0.03608704069839072,0.131,0.0012907086577216645,0.44999999999999973,10919.69,-9072.133333333333,923.7783333333333,-32100.0,47112.0,0.5,60,35914.854999999996,900.0,88597.4,23021.04106123776,0,0,0,40,433,1,67
6227,28248,24,1177,0,1,0,0,0.728,9538,1.6600000000000001,0.03533337433878706,0.111,-0.004114897281338418,0.30000000000000004,10476.673684210526,-6506.864285714285,358.82127659574473,-23400.0,30055.5,0.40425531914893614,94,45582.448936170214,400.0,69893.0,11726.617607165179,0,0,0,25,557,1,52
6996,126600,24,5275,0,1,0,1,0.728,9538,1.6600000000000001,0.03533337433878706,0.111,-0.004114897281338418,0.30000000000000004,17293.55652173913,-8683.520930232558,369.0969696969697,-32400.0,47472.0,0.3484848484848485,132,47118.99318181818,400.0,94043.3,17179.81146303782,0,0,0,56,693,0,83
5989,213300,36,5925,0,1,0,1,0.728,9538,1.6600000000000001,0.03533337433878706,0.111,-0.004114897281338418,0.30000000000000004,4581.6407407407405,-3011.8,463.16440677966096,-8160.0,13600.0,0.4576271186440678,59,27951.91355932203,400.0,42443.7,7864.495893274421,0,0,0,31,326,1,58
6732,174048,48,3626,0,1,0,0,0.728,9538,1.6600000000000001,0.03533337433878706,0.111,-0.004114897281338418,0.30000000000000004,12971.792105263157,-14154.438709677419,784.6449275362319,-46800.0,49461.0,0.5507246376811594,69,72968.38115942029,600.0,127067.6,23455.92726432901,0,0,0,44,345,1,70
7004,331560,60,5526,0,1,1,1,0.467,8507,1.76,0.02718712029161604,0.132,0.005794068673777058,0.18000000000000016,11490.66,-5210.562025316456,403.29411764705884,-24700.0,33276.0,0.33613445378151263,119,36941.99831932773,900.0,71924.6,11038.409511529931,0,0,0,14,571,0,42
5959,107640,24,4485,0,1,0,0,0.467,8507,1.76,0.02718712029161604,0.132,0.005794068673777058,0.18000000000000016,19481.75833333333,-15314.145454545454,2840.2391304347825,-46900.0,53613.0,0.5217391304347826,23,50214.50434782609,600.0,107783.7,22727.670225229824,0,0,0,35,179,1,63
6726,85860,60,1431,0,1,0,0,0.467,8507,1.76,0.02718712029161604,0.132,0.005794068673777058,0.18000000000000016,3868.0851063829787,-2906.795918367347,410.0729166666667,-10300.0,16713.0,0.4895833333333333,96,30461.404166666664,1000.0,44713.5,7824.866629042196,0,0,0,39,431,1,67
6169,103680,60,1728,1,1,0,1,0.591,8388,2.675,0.017339714515103175,0.087,0.00010426767597777013,0.5299999999999998,5169.697727272727,-3034.4461538461537,277.31834862385324,-13920.0,14422.5,0.4036697247706422,109,28250.109174311925,500.0,46520.1,9371.387579711678,0,0,0,23,604,1,51
5999,98832,48,2059,0,1,0,0,0.591,8388,2.675,0.017339714515103175,0.087,0.00010426767597777013,0.5299999999999998,8028.005999999999,-2946.6960629921264,153.5022598870057,-22240.0,23282.0,0.2824858757062147,177,31814.268361581922,500.0,63095.4,12078.55101973188,0,0,0,25,696,1,52
5414,185952,48,3874,0,1,0,1,0.877,9675,7.055,0.04197275543773356,0.1,-0.0010619949535277395,1.25,12500.505000000001,-11973.214285714286,2423.0911764705884,-57400.0,46725.0,0.5882352941176471,34,50113.194117647065,700.0,145318.2,31588.379961912357,0,0,0,50,375,1,77
6600,21852,36,607,0,1,0,1,0.877,9675,7.055,0.04197275543773356,0.1,-0.0010619949535277395,1.25,8711.658333333333,-10273.433333333332,2383.2944444444443,-18100.0,27736.5,0.6666666666666666,18,38509.05,700.0,60863.2,15001.855573002804,0,0,0,40,169,1,68
5453,156672,36,4352,0,1,0,0,0.369,8594,1.815,0.021401690078714106,0.112,-0.0007581919190526737,0.3899999999999997,3672.6189189189186,-2963.5631578947373,310.2866666666667,-9000.0,10380.0,0.49333333333333335,75,22927.502666666667,500.0,41876.9,6686.145590252044,0,0,0,38,400,1,66
5310,248148,36,6893,0,1,0,0,0.369,8594,1.815,0.021401690078714106,0.112,-0.0007581919190526737,0.3899999999999997,9398.816216216217,-3694.549397590361,342.57166666666666,-28960.0,28362.0,0.30833333333333335,120,36063.78833333333,600.0,67486.0,10761.578895609015,0,0,0,54,503,1,82
5311,30060,60,501,0,1,0,1,0.369,8594,1.815,0.021401690078714106,0.112,-0.0007581919190526737,0.3899999999999997,10581.039999999999,-3032.7886524822698,260.8795698924731,-20000.0,29412.0,0.24193548387096775,186,37213.40752688172,500.0,69382.9,11270.503745870139,0,0,1,44,651,1,71
6929,36396,12,3033,0,2,0,1,0.512,8369,5.305,0.025685213827540455,0.107,-0.007293768499399383,1.1499999999999995,16954.94107142857,-8862.70588235294,287.8525316455697,-51700.0,48143.0,0.35443037974683544,158,57977.034810126584,800.0,125887.5,25051.25763785537,0,0,0,23,671,0,50
6725,265320,36,7370,0,1,1,0,0.705,8541,2.74,0.030074540579104036,0.131,0.0028126973193272485,0.4600000000000004,6441.2328125,-4487.483333333333,238.44797297297293,-17700.0,26409.0,0.43243243243243246,148,35566.88108108108,700.0,61993.3,9992.57311449955,0,0,0,46,643,0,74
5482,165120,60,2752,0,1,1,0,0.705,8541,2.74,0.030074540579104036,0.131,0.0028126973193272485,0.4600000000000004,3959.488,-2654.9848484848485,196.08103448275864,-6300.0,11210.0,0.43103448275862066,116,24377.37155172414,1100.0,37946.3,6878.836566414742,0,0,0,45,601,1,72
5693,44088,24,1837,0,1,0,0,0.5529999999999999,8899,3.68,0.03364722659323367,0.149,-0.006146734854445318,0.5800000000000001,7533.605882352941,-5580.1866666666665,1386.515625,-18000.0,24304.5,0.53125,32,36548.81875,1000.0,55576.8,11906.808161813045,0,0,0,44,236,1,71
5922,20220,12,1685,0,1,0,0,0.5529999999999999,8899,3.68,0.03364722659323367,0.149,-0.006146734854445318,0.5800000000000001,11452.434782608696,-8289.378571428571,613.7921568627451,-48100.0,49397.0,0.45098039215686275,51,41077.635294117645,500.0,122906.7,25420.727566030233,0,0,0,22,343,1,49
6644,93600,24,3900,0,1,0,1,0.5529999999999999,8899,3.68,0.03364722659323367,0.149,-0.006146734854445318,0.5800000000000001,10912.823809523808,-5968.629411764706,477.0163636363637,-42900.0,45287.0,0.38181818181818183,55,40078.70727272727,900.0,96108.3,21469.630340267242,0,0,0,24,308,1,50
5237,45336,24,1889,0,1,0,1,0.527,8402,3.5549999999999997,0.020397448860542896,0.12,0.0019444660496227735,0.8500000000000001,10959.40303030303,-5645.975438596491,442.6633333333333,-19900.0,30436.0,0.36666666666666664,90,48152.95333333333,800.0,71486.0,11574.102240004077,0,0,0,38,489,1,65
5409,182040,60,3034,0,1,1,0,0.527,8402,3.5549999999999997,0.020397448860542896,0.12,0.0019444660496227735,0.8500000000000001,22366.575,-14230.005714285715,656.7389830508473,-53500.0,61557.0,0.4067796610169492,59,67475.90169491526,600.0,110447.5,21927.679528674224,0,0,0,44,362,1,71
6589,189696,24,7904,0,2,1,1,0.527,8402,3.5549999999999997,0.020397448860542896,0.12,0.0019444660496227735,0.8500000000000001,18658.64,-7985.203389830508,995.867415730337,-57600.0,49775.0,0.33707865168539325,89,54137.10561797753,700.0,125386.9,23400.63444036177,0,0,0,50,267,1,77
5329,396120,60,6602,0,2,0,0,0.527,8402,3.5549999999999997,0.020397448860542896,0.12,0.0019444660496227735,0.8500000000000001,21574.036111111112,-11661.949152542373,932.7399999999999,-37300.0,59415.0,0.37894736842105264,95,58855.27789473684,500.0,104859.1,20275.14198096615,0,0,0,46,550,1,72
5750,63252,12,5271,0,1,0,0,0.634,9920,2.565,0.048218527315914486,0.13,0.005880179466877804,0.6100000000000003,16674.810416666667,-6471.394827586208,303.10426829268295,-31800.0,47436.0,0.2926829268292683,164,49291.82256097561,13097.7,86343.2,18482.29894648273,0,0,0,46,672,1,73
7189,154656,48,3222,0,1,0,1,0.6970000000000001,8678,5.75,0.029694157926401905,0.102,-0.002387937504264174,-0.35999999999999943,9834.021875,-4868.561403508772,417.76067415730336,-17585.0,28994.0,0.3595505617977528,89,31791.328089887644,1000.0,61782.0,10868.943277490947,0,0,0,39,454,1,66
5128,215616,48,4492,1,1,0,1,0.484,8173,7.01,0.03171341164381962,0.124,0.0,0.0,5505.576666666666,-5049.245161290322,141.65081967213115,-18700.0,23130.0,0.4918032786885246,61,21447.624590163938,-3424.6,50124.8,13056.987306542755,1,0,0,39,303,1,65
5282,388512,48,8094,1,0,0,0,0.484,8173,7.01,0.03171341164381962,0.124,0.0,0.0,8491.0,-6360.860606060606,322.47666666666663,-44700.0,40855.0,0.45,120,21371.32,-2838.8,84743.5,21196.682131732654,1,0,0,27,646,1,53
6613,84120,24,3505,0,2,0,0,0.484,8173,7.01,0.03171341164381962,0.124,0.0,0.0,14356.908333333333,-15475.714285714286,3365.942105263158,-36300.0,47952.0,0.631578947368421,19,56910.689473684215,900.0,89570.9,24271.624057983947,0,0,0,46,105,1,72
5892,66480,24,2770,1,2,0,1,0.564,8746,3.535,0.024139276041466377,0.09,0.0004285078587242552,0.41000000000000014,12213.028571428571,-16866.666666666668,3489.12,-28000.0,49631.0,0.7,10,34798.28,900.0,77551.0,21490.62646296442,0,0,0,60,139,1,87
5415,139464,36,3874,1,1,0,1,0.564,8746,3.535,0.024139276041466377,0.09,0.0004285078587242552,0.41000000000000014,7729.642105263159,-8766.666666666666,1343.974193548387,-23400.0,36854.0,0.6129032258064516,31,31532.748387096777,300.0,65062.8,12989.781215090346,0,0,0,38,396,1,64
5148,284280,60,4738,0,1,1,0,0.623,9065,4.925,0.03645860744171359,0.123,0.00016665789519849832,0.9299999999999997,20623.949999999997,-11169.737931034484,1006.568085106383,-56800.0,56756.0,0.3829787234042553,94,64182.6414893617,300.0,109361.9,20167.802429516258,0,0,0,37,561,1,64
6667,155880,24,6495,0,1,1,0,0.623,9065,4.925,0.03645860744171359,0.123,0.00016665789519849832,0.9299999999999997,17472.988235294117,-9302.83076923077,313.8366197183098,-60700.0,49818.0,0.3591549295774648,142,63263.1471830986,1000.0,164648.6,26666.145799399845,0,0,0,27,641,1,54
5741,68544,24,2856,0,2,1,1,0.623,9065,4.925,0.03645860744171359,0.123,0.00016665789519849832,0.9299999999999997,14909.758823529412,-6209.081081081081,439.4425925925927,-34800.0,44342.0,0.3148148148148148,54,44948.625925925924,900.0,94207.7,20196.07407074487,0,0,0,20,258,1,46
7036,194940,36,5415,0,1,0,1,0.6940000000000001,11277,1.345,0.045357604961406325,0.127,-0.001713291393387766,0.18999999999999995,15618.807894736841,-10552.871698113207,375.9615384615386,-58700.0,48883.0,0.4175824175824176,91,56669.787912087915,600.0,138172.6,35314.5278448429,0,0,0,31,468,1,58
6015,110112,24,4588,0,1,0,1,0.509,8240,3.045,0.01738933009609771,0.099,0.00049114548099823,1.0300000000000002,20541.95945945946,-14515.426666666666,1303.1499999999999,-52500.0,45549.0,0.45121951219512196,82,76232.70000000001,700.0,135658.1,28391.569085736075,0,0,0,33,330,1,59
