;account_id;frequency;date;loan_id;date_loan;amount;duration;payments;status;client_id;type;birth_number;district_id_client;gender;age_loan;code;name ;region;no. of inhabitants;no. of municipalities with inhabitants < 499 ;no. of municipalities with inhabitants 500-1999;no. of municipalities with inhabitants 2000-9999 ;no. of municipalities with inhabitants >10000 ;no. of cities ;ratio of urban inhabitants ;average salary ;no. of enterpreneurs per 1000 inhabitants ;unemployment_rate;commited_crimes;disp_id_count;diff_salary_loan
0;1787;weekly issuance;930322;5314;930705;96396;12;8033;-1;2166;OWNER;475722;30;female;930705;30;Sokolov;west Bohemia;94812;15;13;8;2;10;81.8;9650;100;3.525;2894.5;1;1617
1;1801;monthly issuance;930213;5316;930711;165960;36;4610;1;2181;OWNER;680722;46;male;930711;46;Nachod;east Bohemia;112709;48;20;7;3;10;73.5;8369;117;2.05;2736.0;1;3759
2;9188;monthly issuance;930208;6863;930728;127080;60;2118;1;11314;OWNER;360602;45;male;930728;45;Jicin;east Bohemia;77917;85;19;6;1;5;53.5;8390;132;2.585;2101.0;1;6272
3;1843;monthly issuance;930130;5325;930803;105804;36;2939;1;2235;OWNER;405420;14;female;930803;14;Ceske Budejovice;south Bohemia;177686;69;27;10;1;9;74.8;10045;135;1.565;6449.5;1;7106
4;11013;weekly issuance;930214;7240;930906;274740;60;4579;1;13539;OWNER;780907;63;male;930906;63;Vyskov;south Moravia;86513;38;36;5;1;5;50.5;8288;110;4.154999999999999;1511.0;1;3709
5;8261;monthly issuance;930512;6687;930913;87840;24;3660;1;10200;OWNER;805216;13;female;930913;13;Rakovnik;central Bohemia;53921;61;22;1;1;2;41.3;8598;123;3.0149999999999997;1736.0;2;4938
6;11265;monthly issuance;930114;7284;930915;52788;12;4399;1;13845;OWNER;730216;15;male;930915;15;Cesky Krumlov;south Bohemia;58796;22;16;7;1;5;51.9;9045;124;3.365;1862.0;1;4646
7;5428;monthly issuance;930414;6111;930924;174744;24;7281;-1;6551;OWNER;485812;24;female;930924;24;Karlovy Vary;west Bohemia;122603;25;21;6;2;8;80.0;8991;128;1.6999999999999997;5235.5;1;1710
8;10973;weekly issuance;930420;7235;931013;154416;48;3217;1;13490;OWNER;695525;18;female;931013;18;Pisek;south Bohemia;70699;60;13;2;1;4;65.3;8968;131;3.09;1825.0;1;5751
9;4894;monthly issuance;930620;5997;931104;117024;24;4876;1;5911;OWNER;351003;14;male;931104;14;Ceske Budejovice;south Bohemia;177686;69;27;10;1;9;74.8;10045;135;1.565;6449.5;1;5169
10;10364;monthly issuance;930117;7121;931110;21924;36;609;1;12754;OWNER;600820;55;male;931110;55;Brno - venkov;south Moravia;157042;49;70;18;0;9;33.9;8743;111;2.1550000000000002;3776.5;2;8134
11;5270;monthly issuance;930113;6077;931122;79608;24;3317;1;6367;OWNER;700428;44;male;931122;44;Chrudim;east Bohemia;105606;77;26;7;2;7;53.0;8254;97;3.275;2245.5;1;4937
12;6034;weekly issuance;930319;6228;931201;464520;60;7742;-1;7291;OWNER;406202;77;female;931201;77;Vsetin;north Moravia;148545;8;35;12;3;4;53.5;8909;113;4.785;3525.0;1;1167
13;6701;weekly issuance;930315;6356;931208;95400;36;2650;1;8091;OWNER;710210;5;male;931208;5;Kolin;central Bohemia;95616;65;30;4;1;6;51.4;9307;118;4.14;2828.0;1;6657
14;2705;issuance after transaction;930705;5523;931208;93888;36;2608;1;3264;OWNER;506020;63;female;931208;63;Vyskov;south Moravia;86513;38;36;5;1;5;50.5;8288;110;4.154999999999999;1511.0;1;5680
15;7123;issuance after transaction;930414;6456;931209;47016;12;3918;1;8598;OWNER;576231;46;female;931209;46;Nachod;east Bohemia;112709;48;20;7;3;10;73.5;8369;117;2.05;2736.0;1;4451
16;10320;monthly issuance;930711;7104;931213;259740;60;4329;1;12695;OWNER;790316;68;male;931213;68;Frydek - Mistek;north Moravia;228848;15;40;18;2;6;57.2;9893;96;4.404999999999999;5755.0;1;5564
17;9034;monthly issuance;930628;6820;931216;38148;12;3179;1;11126;OWNER;655122;1;female;931216;1;Hl.m. Praha;Prague;1204953;0;0;0;1;1;100.0;12541;167;0.36;92392.0;1;9362
18;9236;monthly issuance;930818;6876;931221;86616;12;7218;1;11372;OWNER;610928;11;male;931221;11;Praha - zapad;central Bohemia;75637;35;36;9;0;7;36.5;9622;154;0.52;3502.0;1;2404
19;10266;monthly issuance;930610;7097;931223;75624;24;3151;-1;12625;OWNER;581207;54;male;931223;54;Brno - mesto;south Moravia;387570;0;0;0;1;1;100.0;9897;140;1.78;18708.5;1;6746
20;2;monthly issuance;930226;4959;940105;80952;24;3373;1;2;OWNER;450204;1;male;940105;1;Hl.m. Praha;Prague;1204953;0;0;0;1;1;100.0;12541;167;0.36;92392.0;2;9168
21;7401;monthly issuance;930226;6499;940105;80952;24;3373;1;9173;OWNER;450204;1;male;940105;1;Hl.m. Praha;Prague;1204953;0;0;0;1;1;100.0;12541;167;0.36;92392.0;2;9168
22;2486;monthly issuance;930227;5479;940110;24516;12;2043;1;3001;OWNER;581007;1;male;940110;1;Hl.m. Praha;Prague;1204953;0;0;0;1;1;100.0;12541;167;0.36;92392.0;1;10498
23;1071;weekly issuance;930510;5170;940120;253200;60;4220;1;1286;OWNER;505313;52;female;940120;52;Usti nad Orlici;east Bohemia;139012;59;41;8;3;10;61.9;8363;108;3.005;2681.5;1;4143
24;8475;monthly issuance;930908;6721;940121;21072;24;878;1;10459;OWNER;645809;17;female;940121;17;Pelhrimov;south Bohemia;74062;99;15;4;2;7;61.4;8114;119;2.5;1092.0;1;7236
25;11111;monthly issuance;930520;7259;940131;108144;36;3004;1;13657;OWNER;635512;59;female;940131;59;Kromeriz;south Moravia;108871;41;29;7;2;6;62.1;8444;106;3.3550000000000004;2450.0;2;5440
26;1603;monthly issuance;930509;5285;940206;78936;12;6578;1;1944;OWNER;575122;31;female;940206;31;Tachov;west Bohemia;51313;34;12;3;1;4;59.2;8930;108;3.8600000000000003;1390.0;1;2352
27;1166;monthly issuance;930421;5189;940207;149040;48;3105;1;1404;OWNER;686220;11;female;940207;11;Praha - zapad;central Bohemia;75637;35;36;9;0;7;36.5;9622;154;0.52;3502.0;1;6517
28;8073;issuance after transaction;930903;6650;940217;49320;12;4110;-1;9973;OWNER;456003;24;female;940217;24;Karlovy Vary;west Bohemia;122603;25;21;6;2;8;80.0;8991;128;1.6999999999999997;5235.5;1;4881
29;10940;monthly issuance;930913;7226;940223;197748;36;5493;1;13447;OWNER;705505;13;female;940223;13;Rakovnik;central Bohemia;53921;61;22;1;1;2;41.3;8598;123;3.0149999999999997;1736.0;2;3105
30;5313;monthly issuance;930429;6087;940227;300660;60;5011;1;6417;OWNER;500107;40;male;940227;40;Teplice;north Bohemia;128118;9;16;6;3;8;85.3;9317;97;6.78;6910.5;1;4306
31;11135;monthly issuance;931010;7262;940301;182628;36;5073;1;13687;OWNER;590523;75;male;940301;75;Prerov;north Moravia;138032;67;30;4;2;5;64.6;8819;99;5.52;4284.0;1;3746
32;2694;monthly issuance;930308;5519;940308;91632;12;7636;1;3251;OWNER;626228;52;female;940308;52;Usti nad Orlici;east Bohemia;139012;59;41;8;3;10;61.9;8363;108;3.005;2681.5;2;727
33;7753;monthly issuance;930208;6577;940311;51696;24;2154;1;9593;OWNER;685128;74;female;940311;74;Ostrava - mesto;north Moravia;323870;0;0;0;1;1;100.0;10673;100;5.095000000000001;18564.5;1;8519
34;7445;monthly issuance;930318;6509;940315;55368;24;2307;1;9226;OWNER;396225;64;female;940315;64;Zlin;south Moravia;197099;29;41;10;2;10;74.7;9624;145;1.955;4374.5;1;7317
35;7485;monthly issuance;930728;6520;940316;91200;24;3800;1;9273;OWNER;555826;39;female;940316;39;Most;north Bohemia;119895;17;4;3;2;4;89.9;10446;90;8.370000000000001;4845.0;2;6646
36;8330;monthly issuance;930328;6699;940330;7656;24;319;1;10287;OWNER;625903;48;female;940330;48;Rychnov nad Kneznou;east Bohemia;78955;50;24;8;1;9;59.0;9060;124;2.11;1686.0;2;8741
37;6555;weekly issuance;930305;6336;940331;212400;36;5900;1;7914;OWNER;666024;38;female;940331;38;Louny;north Bohemia;85852;41;23;4;2;4;59.8;8965;104;7.655;2737.5;1;3065
38;10079;monthly issuance;930506;7055;940406;167100;60;2785;1;12396;OWNER;705117;62;female;940406;62;Uherske Hradiste;south Moravia;145688;22;41;13;2;5;40.7;8544;109;1.5750000000000002;2812.5;2;5759
39;5385;weekly issuance;930521;6103;940407;149340;60;2489;1;6499;OWNER;630201;44;male;940407;44;Chrudim;east Bohemia;105606;77;26;7;2;7;53.0;8254;97;3.275;2245.5;1;5765
40;5891;monthly issuance;930125;6202;940418;65184;12;5432;1;7127;OWNER;570929;3;male;940418;3;Beroun;central Bohemia;75232;55;26;4;1;5;41.7;8980;111;2.08;2818.5;1;3548
41;10131;monthly issuance;931127;7066;940502;215388;36;5983;-1;12464;OWNER;591217;39;male;940502;39;Most;north Bohemia;119895;17;4;3;2;4;89.9;10446;90;8.370000000000001;4845.0;1;4463
42;8321;monthly issuance;930412;6696;940509;89040;60;1484;1;10275;OWNER;705125;77;female;940509;77;Vsetin;north Moravia;148545;8;35;12;3;4;53.5;8909;113;4.785;3525.0;2;7425
43;5256;issuance after transaction;931025;6072;940510;193968;36;5388;1;6349;OWNER;721203;72;male;940510;72;Olomouc;north Moravia;226122;32;50;7;4;4;62.6;8994;110;4.295;9440.0;1;3606
44;813;monthly issuance;930210;5130;940511;24312;12;2026;1;976;OWNER;556119;16;female;940511;16;Jindrichuv Hradec;south Bohemia;93931;74;21;10;1;8;56.9;8427;107;1.33;1893.5;1;6401
45;2933;monthly issuance;930618;5568;940517;272520;60;4542;1;3542;OWNER;390902;10;male;940517;10;Praha - vychod;central Bohemia;92084;55;29;4;3;5;46.7;10124;141;0.55;4063.0;2;5582
46;8173;monthly issuance;930705;6678;940520;80340;12;6695;1;10095;OWNER;765206;1;female;940520;1;Hl.m. Praha;Prague;1204953;0;0;0;1;1;100.0;12541;167;0.36;92392.0;2;5846
47;9833;monthly issuance;930724;6998;940521;97632;12;8136;1;12102;OWNER;685907;21;female;940521;21;Tabor;south Bohemia;103347;87;16;7;1;7;67.0;9104;123;1.79;2326.5;1;968
48;7769;monthly issuance;931003;6580;940522;196080;48;4085;1;9611;OWNER;580527;23;male;940522;23;Cheb;west Bohemia;87419;21;11;4;3;9;85.5;8624;102;2.225;3038.5;1;4539
49;6473;monthly issuance;930126;6316;940526;76908;12;6409;-1;7815;OWNER;465119;4;female;940526;4;Kladno;central Bohemia;149893;63;29;6;2;6;67.4;9753;109;4.845;5568.0;1;3344
50;7454;monthly issuance;930419;6512;940526;63312;48;1319;1;9236;OWNER;565507;31;female;940526;31;Tachov;west Bohemia;51313;34;12;3;1;4;59.2;8930;108;3.8600000000000003;1390.0;1;7611
51;6930;monthly issuance;930908;6407;940526;25944;24;1081;1;8366;OWNER;605521;41;female;940526;41;Usti nad Labem;north Bohemia;118650;8;8;5;1;3;85.6;9832;114;3.9000000000000004;5958.0;1;8751
52;173;monthly issuance;931126;5002;940531;104808;12;8734;1;210;OWNER;391130;66;male;940531;66;Zdar nad Sazavou;south Moravia;125832;151;41;2;3;5;48.3;8512;102;3.815;2175.0;2;-222
53;8051;weekly issuance;930207;6647;940601;208320;48;4340;1;9945;OWNER;685414;31;female;940601;31;Tachov;west Bohemia;51313;34;12;3;1;4;59.2;8930;108;3.8600000000000003;1390.0;2;4590
54;10439;monthly issuance;931121;7137;940603;151560;24;6315;1;12843;OWNER;530505;66;male;940603;66;Zdar nad Sazavou;south Moravia;125832;151;41;2;3;5;48.3;8512;102;3.815;2175.0;1;2197
55;9337;monthly issuance;930913;6903;940604;52128;24;2172;1;11497;OWNER;595717;11;female;940604;11;Praha - zapad;central Bohemia;75637;35;36;9;0;7;36.5;9622;154;0.52;3502.0;1;7450
56;4576;monthly issuance;930605;5918;940604;300204;36;8339;1;5517;OWNER;640313;57;male;940604;57;Hodonin;south Moravia;161954;21;37;20;3;8;48.0;8720;116;4.115;3690.0;1;381
57;8027;weekly issuance;930707;6642;940605;77640;12;6470;1;9915;OWNER;670710;27;male;940605;27;Plzen - jih;west Bohemia;67298;71;19;10;0;7;43.8;8561;110;0.97;1078.0;1;2091
58;5927;monthly issuance;931126;6210;940606;87216;48;1817;-1;7166;OWNER;640513;15;male;940606;15;Cesky Krumlov;south Bohemia;58796;22;16;7;1;5;51.9;9045;124;3.365;1862.0;1;7228
59;6273;monthly issuance;930721;6279;940607;87360;24;3640;1;7576;OWNER;620710;38;male;940607;38;Louny;north Bohemia;85852;41;23;4;2;4;59.8;8965;104;7.655;2737.5;1;5325
60;11065;monthly issuance;930319;7249;940612;69360;48;1445;1;13603;OWNER;410728;46;male;940612;46;Nachod;east Bohemia;112709;48;20;7;3;10;73.5;8369;117;2.05;2736.0;1;6924
61;8558;issuance after transaction;940227;6736;940614;288360;60;4806;1;10555;OWNER;351215;1;male;940614;1;Hl.m. Praha;Prague;1204953;0;0;0;1;1;100.0;12541;167;0.36;92392.0;1;7735
62;5442;monthly issuance;930322;6112;940617;174744;24;7281;-1;6567;OWNER;786121;5;female;940617;5;Kolin;central Bohemia;95616;65;30;4;1;6;51.4;9307;118;4.14;2828.0;1;2026
63;1811;monthly issuance;930922;5319;940623;239460;60;3991;1;2195;OWNER;425913;68;female;940623;68;Frydek - Mistek;north Moravia;228848;15;40;18;2;6;57.2;9893;96;4.404999999999999;5755.0;1;5902
64;7844;monthly issuance;931126;6596;940625;91584;24;3816;1;9702;OWNER;516116;33;female;940625;33;Decin;north Bohemia;133777;24;17;7;3;11;84.7;8705;116;6.68;4754.5;1;4889
65;4260;monthly issuance;931014;5837;940629;244560;60;4076;1;5134;OWNER;675719;58;female;940629;58;Jihlava;south Moravia;109164;98;16;6;1;4;63.6;8757;96;3.665;2341.5;1;4681
66;3354;monthly issuance;931105;5657;940705;4980;12;415;1;4056;OWNER;525726;63;female;940705;63;Vyskov;south Moravia;86513;38;36;5;1;5;50.5;8288;110;4.154999999999999;1511.0;1;7873
67;2762;monthly issuance;930320;5533;940705;111384;24;4641;1;3335;OWNER;670210;11;male;940705;11;Praha - zapad;central Bohemia;75637;35;36;9;0;7;36.5;9622;154;0.52;3502.0;1;4981
68;6051;monthly issuance;930828;6232;940708;276660;36;7685;-1;7311;OWNER;490518;56;male;940708;56;Breclav;south Moravia;124605;11;42;14;1;8;46.0;8772;126;4.835000000000001;3006.0;1;1087
69;9265;monthly issuance;930204;6888;940711;39576;12;3298;1;11409;OWNER;805502;32;female;940711;32;Ceska Lipa;north Bohemia;105058;32;19;7;2;10;81.0;9272;118;3.01;4422.5;1;5974
70;5228;issuance after transaction;930623;6066;940711;173808;24;7242;1;6317;OWNER;575127;77;female;940711;77;Vsetin;north Moravia;148545;8;35;12;3;4;53.5;8909;113;4.785;3525.0;2;1667
71;2824;monthly issuance;931020;5549;940716;50460;60;841;1;3414;OWNER;476017;11;female;940716;11;Praha - zapad;central Bohemia;75637;35;36;9;0;7;36.5;9622;154;0.52;3502.0;1;8781
72;426;monthly issuance;931129;5060;940719;252060;60;4201;-1;512;OWNER;655803;60;female;940719;60;Prostejov;south Moravia;110643;49;41;4;1;4;51.9;8441;115;3.9650000000000003;2065.5;1;4240
73;4937;monthly issuance;930220;6004;940723;143904;24;5996;1;5965;OWNER;510410;50;male;940723;50;Svitavy;east Bohemia;102609;75;33;2;3;6;52.0;8187;94;5.140000000000001;2128.5;1;2191
74;790;monthly issuance;930511;5126;940724;208128;48;4336;-1;946;OWNER;510806;54;male;940724;54;Brno - mesto;south Moravia;387570;0;0;0;1;1;100.0;9897;140;1.78;18708.5;1;5561
75;10911;weekly issuance;930529;7220;940728;131292;36;3647;1;13412;OWNER;540320;1;male;940728;1;Hl.m. Praha;Prague;1204953;0;0;0;1;1;100.0;12541;167;0.36;92392.0;1;8894
76;8129;monthly issuance;930626;6668;940730;74736;36;2076;1;10043;OWNER;651029;45;male;940730;45;Jicin;east Bohemia;77917;85;19;6;1;5;53.5;8390;132;2.585;2101.0;1;6314
77;2176;monthly issuance;930606;5395;940730;299088;36;8308;-1;2635;OWNER;666210;67;female;940730;67;Bruntal;north Moravia;106054;38;25;6;2;6;63.1;8110;109;6.16;3161.5;1;-198
78;9093;monthly issuance;930616;6836;940803;189300;60;3155;1;11195;OWNER;531205;58;male;940803;58;Jihlava;south Moravia;109164;98;16;6;1;4;63.6;8757;96;3.665;2341.5;1;5602
79;5215;monthly issuance;930701;6064;940804;14628;12;1219;1;6301;OWNER;495308;55;female;940804;55;Brno - venkov;south Moravia;157042;49;70;18;0;9;33.9;8743;111;2.1550000000000002;3776.5;1;7524
80;9403;weekly issuance;930327;6919;940805;120888;36;3358;1;11574;OWNER;445420;1;female;940805;1;Hl.m. Praha;Prague;1204953;0;0;0;1;1;100.0;12541;167;0.36;92392.0;1;9183
81;9104;monthly issuance;940121;6841;940807;172080;48;3585;1;11208;OWNER;575305;10;female;940807;10;Praha - vychod;central Bohemia;92084;55;29;4;3;5;46.7;10124;141;0.55;4063.0;1;6539
82;5120;monthly issuance;930621;6038;940810;323472;48;6739;1;6178;OWNER;406015;1;female;940810;1;Hl.m. Praha;Prague;1204953;0;0;0;1;1;100.0;12541;167;0.36;92392.0;1;5802
83;8519;monthly issuance;930402;6729;940811;74688;12;6224;1;10510;OWNER;455126;23;female;940811;23;Cheb;west Bohemia;87419;21;11;4;3;9;85.5;8624;102;2.225;3038.5;2;2400
84;10788;weekly issuance;931122;7198;940823;45768;12;3814;1;13260;OWNER;775527;72;female;940823;72;Olomouc;north Moravia;226122;32;50;7;4;4;62.6;8994;110;4.295;9440.0;1;5180
85;8260;monthly issuance;930324;6686;940825;224604;36;6239;1;10198;OWNER;760524;31;male;940825;31;Tachov;west Bohemia;51313;34;12;3;1;4;59.2;8930;108;3.8600000000000003;1390.0;2;2691
86;4259;monthly issuance;940408;5836;940827;79632;24;3318;1;5133;OWNER;595810;66;female;940827;66;Zdar nad Sazavou;south Moravia;125832;151;41;2;3;5;48.3;8512;102;3.815;2175.0;1;5194
87;10105;monthly issuance;930428;7061;940827;121896;24;5079;1;12432;OWNER;650307;55;male;940827;55;Brno - venkov;south Moravia;157042;49;70;18;0;9;33.9;8743;111;2.1550000000000002;3776.5;1;3664
88;3050;monthly issuance;930508;5595;940902;82896;12;6908;1;3687;OWNER;720206;49;male;940902;49;Semily;east Bohemia;75685;31;28;5;1;9;60.8;8208;155;2.0749999999999997;1891.5;2;1300
89;3674;monthly issuance;930312;5723;940910;23628;12;1969;1;4428;OWNER;540309;38;male;940910;38;Louny;north Bohemia;85852;41;23;4;2;4;59.8;8965;104;7.655;2737.5;1;6996
90;5481;monthly issuance;930816;6120;940911;209184;48;4358;1;6616;OWNER;530618;1;male;940911;1;Hl.m. Praha;Prague;1204953;0;0;0;1;1;100.0;12541;167;0.36;92392.0;1;8183
91;9307;monthly issuance;930124;6895;940919;41904;12;3492;1;11461;OWNER;740708;70;male;940919;70;Karvina;north Moravia;285387;0;2;8;5;7;89.9;10177;81;7.1899999999999995;9993.0;1;6685
92;4427;monthly issuance;930607;5882;940926;87816;12;7318;1;5337;OWNER;610502;1;male;940926;1;Hl.m. Praha;Prague;1204953;0;0;0;1;1;100.0;12541;167;0.36;92392.0;2;5223
93;3834;monthly issuance;930119;5754;940928;23052;12;1921;1;4620;OWNER;406101;54;female;940928;54;Brno - mesto;south Moravia;387570;0;0;0;1;1;100.0;9897;140;1.78;18708.5;2;7976
94;7824;monthly issuance;940517;6594;940928;189696;24;7904;-1;9675;OWNER;705219;60;female;940928;60;Prostejov;south Moravia;110643;49;41;4;1;4;51.9;8441;115;3.9650000000000003;2065.5;1;537
95;8566;monthly issuance;931008;6738;940929;230220;36;6395;-1;10566;OWNER;426109;74;female;940929;74;Ostrava - mesto;north Moravia;323870;0;0;0;1;1;100.0;10673;100;5.095000000000001;18564.5;1;4278
96;7965;monthly issuance;931108;6624;940930;71460;12;5955;1;9844;OWNER;450803;55;male;940930;55;Brno - venkov;south Moravia;157042;49;70;18;0;9;33.9;8743;111;2.1550000000000002;3776.5;2;2788
97;5952;monthly issuance;930907;6216;940930;141240;24;5885;1;7195;OWNER;620911;50;male;940930;50;Svitavy;east Bohemia;102609;75;33;2;3;6;52.0;8187;94;5.140000000000001;2128.5;1;2302
98;6040;monthly issuance;930422;6229;941002;11736;24;489;1;7299;OWNER;380916;1;male;941002;1;Hl.m. Praha;Prague;1204953;0;0;0;1;1;100.0;12541;167;0.36;92392.0;1;12052
99;4448;monthly issuance;930602;5887;941003;192744;36;5354;1;5366;OWNER;715920;60;female;941003;60;Prostejov;south Moravia;110643;49;41;4;1;4;51.9;8441;115;3.9650000000000003;2065.5;2;3087
100;8982;monthly issuance;930925;6808;941012;227880;36;6330;1;11063;OWNER;556104;64;female;941012;64;Zlin;south Moravia;197099;29;41;10;2;10;74.7;9624;145;1.955;4374.5;2;3294
101;6363;monthly issuance;930801;6297;941025;17508;12;1459;1;7683;OWNER;460401;12;male;941025;12;Pribram;central Bohemia;107870;84;29;6;1;6;58.0;8754;137;4.07;3836.0;1;7295
102;1012;monthly issuance;940709;5161;941028;98184;24;4091;1;1216;OWNER;455612;65;female;941028;65;Znojmo;south Moravia;114200;101;41;4;1;4;43.7;8403;105;5.73;2437.5;1;4312
103;2167;monthly issuance;930808;5390;941030;170256;24;7094;1;2623;OWNER;655716;16;female;941030;16;Jindrichuv Hradec;south Bohemia;93931;74;21;10;1;8;56.9;8427;107;1.33;1893.5;1;1333
104;5622;monthly issuance;930208;6150;941102;83016;12;6918;1;6789;OWNER;790326;57;male;941102;57;Hodonin;south Moravia;161954;21;37;20;3;8;48.0;8720;116;4.115;3690.0;1;1802
105;5991;monthly issuance;931121;6223;941103;61056;48;1272;1;7241;OWNER;575906;57;female;941103;57;Hodonin;south Moravia;161954;21;37;20;3;8;48.0;8720;116;4.115;3690.0;1;7448
106;290;monthly issuance;931202;5032;941103;123696;48;2577;1;352;OWNER;400827;56;male;941103;56;Breclav;south Moravia;124605;11;42;14;1;8;46.0;8772;126;4.835000000000001;3006.0;1;6195
107;6148;monthly issuance;931227;6253;941104;59760;24;2490;1;7422;OWNER;581126;74;male;941104;74;Ostrava - mesto;north Moravia;323870;0;0;0;1;1;100.0;10673;100;5.095000000000001;18564.5;2;8183
108;7133;monthly issuance;930917;6460;941106;48672;36;1352;1;8610;OWNER;485502;55;female;941106;55;Brno - venkov;south Moravia;157042;49;70;18;0;9;33.9;8743;111;2.1550000000000002;3776.5;2;7391
109;8041;monthly issuance;931010;6645;941106;140400;36;3900;1;9933;OWNER;411015;74;male;941106;74;Ostrava - mesto;north Moravia;323870;0;0;0;1;1;100.0;10673;100;5.095000000000001;18564.5;1;6773
110;1106;weekly issuance;930829;5176;941112;192552;24;8023;-1;1327;OWNER;636231;20;female;941112;20;Strakonice;south Bohemia;70646;94;14;3;1;4;58.4;8547;120;3.145;1552.5;1;524
111;1527;issuance after transaction;931117;5269;941119;164052;36;4557;-1;1851;OWNER;755912;31;female;941119;31;Tachov;west Bohemia;51313;34;12;3;1;4;59.2;8930;108;3.8600000000000003;1390.0;1;4373
112;1978;weekly issuance;930611;5351;941204;205200;36;5700;1;2403;OWNER;635125;1;female;941204;1;Hl.m. Praha;Prague;1204953;0;0;0;1;1;100.0;12541;167;0.36;92392.0;1;6841
113;4337;monthly issuance;931116;5861;941208;51408;24;2142;1;5224;OWNER;490724;29;male;941208;29;Rokycany;west Bohemia;45714;52;10;5;1;6;55.6;8843;113;3.21;853.0;1;6701
114;2345;monthly issuance;931025;5450;941211;199680;60;3328;1;2834;OWNER;490523;52;male;941211;52;Usti nad Orlici;east Bohemia;139012;59;41;8;3;10;61.9;8363;108;3.005;2681.5;1;5035
115;10451;monthly issuance;930829;7142;941219;482940;60;8049;-1;12859;OWNER;765521;1;female;941219;1;Hl.m. Praha;Prague;1204953;0;0;0;1;1;100.0;12541;167;0.36;92392.0;1;4492
116;6425;monthly issuance;930329;6306;941220;36684;12;3057;1;7753;OWNER;785923;70;female;941220;70;Karvina;north Moravia;285387;0;2;8;5;7;89.9;10177;81;7.1899999999999995;9993.0;1;7120
117;6226;weekly issuance;930726;6272;941220;398640;60;6644;1;7521;OWNER;605209;74;female;941220;74;Ostrava - mesto;north Moravia;323870;0;0;0;1;1;100.0;10673;100;5.095000000000001;18564.5;1;4029
118;344;monthly issuance;931201;5044;941221;100980;60;1683;1;421;OWNER;650731;54;male;941221;54;Brno - mesto;south Moravia;387570;0;0;0;1;1;100.0;9897;140;1.78;18708.5;1;8214
119;2962;monthly issuance;930530;5576;941221;31248;12;2604;1;3576;OWNER;395315;1;female;941221;1;Hl.m. Praha;Prague;1204953;0;0;0;1;1;100.0;12541;167;0.36;92392.0;1;9937
120;10738;weekly issuance;930417;7192;941221;115992;36;3222;1;13201;OWNER;370517;31;male;941221;31;Tachov;west Bohemia;51313;34;12;3;1;4;59.2;8930;108;3.8600000000000003;1390.0;1;5708
121;3747;monthly issuance;940501;5739;950102;76380;12;6365;1;4520;OWNER;575628;1;female;950102;1;Hl.m. Praha;Prague;1204953;0;0;0;1;1;100.0;12541;167;0.36;92392.0;1;6176
122;7523;monthly issuance;940829;6526;950103;288468;36;8013;1;9316;OWNER;586026;63;female;950103;63;Vyskov;south Moravia;86513;38;36;5;1;5;50.5;8288;110;4.154999999999999;1511.0;1;275
123;3166;monthly issuance;930810;5624;950103;177744;48;3703;-1;3829;OWNER;720313;59;male;950103;59;Kromeriz;south Moravia;108871;41;29;7;2;6;62.1;8444;106;3.3550000000000004;2450.0;1;4741
124;6118;weekly issuance;940307;6244;950108;270648;36;7518;-1;7390;OWNER;371104;1;male;950108;1;Hl.m. Praha;Prague;1204953;0;0;0;1;1;100.0;12541;167;0.36;92392.0;1;5023
125;816;monthly issuance;930805;5131;950108;48624;24;2026;1;980;OWNER;610930;40;male;950108;40;Teplice;north Bohemia;128118;9;16;6;3;8;85.3;9317;97;6.78;6910.5;1;7291
126;9640;monthly issuance;930313;6960;950111;76416;24;3184;1;11866;OWNER;370902;1;male;950111;1;Hl.m. Praha;Prague;1204953;0;0;0;1;1;100.0;12541;167;0.36;92392.0;2;9357
127;6715;weekly issuance;930915;6358;950114;137880;60;2298;-1;8105;OWNER;630312;72;male;950114;72;Olomouc;north Moravia;226122;32;50;7;4;4;62.6;8994;110;4.295;9440.0;1;6696
128;2245;monthly issuance;930330;5418;950116;347952;48;7249;1;2719;OWNER;646030;29;female;950116;29;Rokycany;west Bohemia;45714;52;10;5;1;6;55.6;8843;113;3.21;853.0;1;1594
129;7857;monthly issuance;930804;6598;950118;68112;12;5676;1;9715;OWNER;776130;35;female;950118;35;Jablonec n. Nisou;north Bohemia;88768;10;18;5;1;7;80.5;8867;130;1.115;3502.0;1;3191
130;2419;monthly issuance;931127;5464;950130;95808;12;7984;1;2922;OWNER;400907;43;male;950130;43;Hradec Kralove;east Bohemia;161854;73;21;6;1;6;76.3;9425;125;2.11;3988.0;1;1441
131;7819;monthly issuance;930801;6591;950202;20832;48;434;1;9670;OWNER;480504;38;male;950202;38;Louny;north Bohemia;85852;41;23;4;2;4;59.8;8965;104;7.655;2737.5;1;8531
132;3678;monthly issuance;930324;5724;950205;316140;60;5269;-1;4433;OWNER;680222;1;male;950205;1;Hl.m. Praha;Prague;1204953;0;0;0;1;1;100.0;12541;167;0.36;92392.0;1;7272
133;6472;monthly issuance;940208;6315;950206;43164;12;3597;1;7814;OWNER;765106;61;female;950206;61;Trebic;south Moravia;117897;139;28;5;1;6;53.8;8814;107;5.25;2085.5;1;5217
134;4413;weekly issuance;940115;5876;950208;221280;48;4610;1;5318;OWNER;680328;74;male;950208;74;Ostrava - mesto;north Moravia;323870;0;0;0;1;1;100.0;10673;100;5.095000000000001;18564.5;2;6063
135;9750;monthly issuance;940516;6986;950211;151728;48;3161;-1;12003;OWNER;760623;74;male;950211;74;Ostrava - mesto;north Moravia;323870;0;0;0;1;1;100.0;10673;100;5.095000000000001;18564.5;1;7512
136;6353;monthly issuance;931126;6294;950212;79920;60;1332;1;7672;OWNER;530405;26;male;950212;26;Plzen - mesto;west Bohemia;170449;0;0;0;1;1;100.0;10787;131;2.865;6151.0;1;9455
137;817;monthly issuance;940318;5132;950217;538500;60;8975;1;981;OWNER;600628;5;male;950217;5;Kolin;central Bohemia;95616;65;30;4;1;6;51.4;9307;118;4.14;2828.0;1;332
138;4414;monthly issuance;930910;5877;950223;97224;24;4051;1;5320;OWNER;515407;17;female;950223;17;Pelhrimov;south Bohemia;74062;99;15;4;2;7;61.4;8114;119;2.5;1092.0;2;4063
139;6030;monthly issuance;930824;6227;950304;28248;24;1177;1;7286;OWNER;705210;47;female;950304;47;Pardubice;east Bohemia;162580;83;26;5;1;6;72.8;9538;111;1.6600000000000001;5744.5;1;8361
140;11021;monthly issuance;930810;7241;950304;168984;24;7041;-1;13548;OWNER;760318;1;male;950304;1;Hl.m. Praha;Prague;1204953;0;0;0;1;1;100.0;12541;167;0.36;92392.0;1;5500
141;8564;monthly issuance;930912;6737;950311;76680;24;3195;1;10563;OWNER;490107;68;male;950311;68;Frydek - Mistek;north Moravia;228848;15;40;18;2;6;57.2;9893;96;4.404999999999999;5755.0;2;6698
142;9869;monthly issuance;930821;7004;950315;331560;60;5526;1;12144;OWNER;801123;2;male;950315;2;Benesov;central Bohemia;88884;80;26;6;2;5;46.7;8507;132;1.76;2416.5;2;2981
143;5700;monthly issuance;930720;6169;950316;103680;60;1728;-1;6895;OWNER;710624;42;male;950316;42;Havlickuv Brod;east Bohemia;95907;87;25;5;2;7;59.1;8388;87;2.675;1663.0;1;6660
144;1247;monthly issuance;930608;5208;950316;99696;48;2077;-1;1505;OWNER;715625;65;female;950316;65;Znojmo;south Moravia;114200;101;41;4;1;4;43.7;8403;105;5.73;2437.5;1;6326
145;8316;monthly issuance;940604;6694;950319;134784;24;5616;1;10269;OWNER;405511;70;female;950319;70;Karvina;north Moravia;285387;0;2;8;5;7;89.9;10177;81;7.1899999999999995;9993.0;1;4561
146;3064;monthly issuance;930523;5599;950321;15420;12;1285;1;3705;OWNER;655604;1;female;950321;1;Hl.m. Praha;Prague;1204953;0;0;0;1;1;100.0;12541;167;0.36;92392.0;1;11256
147;7607;monthly issuance;930905;6546;950327;31728;24;1322;1;9418;OWNER;500410;1;male;950327;1;Hl.m. Praha;Prague;1204953;0;0;0;1;1;100.0;12541;167;0.36;92392.0;2;11219
148;2228;monthly issuance;940319;5414;950329;185952;48;3874;1;2700;OWNER;450222;34;male;950329;34;Chomutov;north Bohemia;125236;28;11;1;4;5;87.7;9675;100;7.055;5256.5;1;5801
149;2361;monthly issuance;940225;5453;950401;156672;36;4352;1;2853;OWNER;565425;28;female;950401;28;Plzen - sever;west Bohemia;72541;66;26;10;0;8;36.9;8594;112;1.815;1552.5;1;4242
150;3752;monthly issuance;941125;5740;950402;18564;12;1547;1;4527;OWNER;635204;1;female;950402;1;Hl.m. Praha;Prague;1204953;0;0;0;1;1;100.0;12541;167;0.36;92392.0;1;10994
151;4079;monthly issuance;931103;5804;950405;158976;48;3312;1;4916;OWNER;390109;52;male;950405;52;Usti nad Orlici;east Bohemia;139012;59;41;8;3;10;61.9;8363;108;3.005;2681.5;1;5051
152;8625;monthly issuance;931110;6745;950410;47304;24;1971;1;10636;OWNER;710803;64;male;950410;64;Zlin;south Moravia;197099;29;41;10;2;10;74.7;9624;145;1.955;4374.5;1;7653
153;9591;monthly issuance;930520;6950;950411;104712;24;4363;1;11804;OWNER;441212;74;male;950411;74;Ostrava - mesto;north Moravia;323870;0;0;0;1;1;100.0;10673;100;5.095000000000001;18564.5;1;6310
154;9828;monthly issuance;930520;6996;950413;126600;24;5275;1;12095;OWNER;390227;47;male;950413;47;Pardubice;east Bohemia;162580;83;26;5;1;6;72.8;9538;111;1.6600000000000001;5744.5;1;4263
155;1993;monthly issuance;941030;5352;950415;68400;12;5700;-1;2422;OWNER;765609;68;female;950415;68;Frydek - Mistek;north Moravia;228848;15;40;18;2;6;57.2;9893;96;4.404999999999999;5755.0;1;4193
156;5628;monthly issuance;940617;6151;950425;225420;60;3757;1;6798;OWNER;485803;61;female;950425;61;Trebic;south Moravia;117897;139;28;5;1;6;53.8;8814;107;5.25;2085.5;1;5057
157;1762;monthly issuance;931211;5310;950428;248148;36;6893;1;2136;OWNER;405724;28;female;950428;28;Plzen - sever;west Bohemia;72541;66;26;10;0;8;36.9;8594;112;1.815;1552.5;1;1701
158;347;monthly issuance;931213;5045;950501;187224;24;7801;-1;424;OWNER;471008;1;male;950501;1;Hl.m. Praha;Prague;1204953;0;0;0;1;1;100.0;12541;167;0.36;92392.0;1;4740
159;9472;weekly issuance;930706;6929;950508;36396;12;3033;1;11662;OWNER;720403;76;male;950508;76;Sumperk;north Moravia;127369;31;32;13;2;7;51.2;8369;107;5.305;3271.5;1;5336
160;960;issuance after transaction;941102;5151;950524;189060;60;3151;1;1157;OWNER;586230;4;female;950524;4;Kladno;central Bohemia;149893;63;29;6;2;6;67.4;9753;109;4.845;5568.0;1;6602
161;1256;monthly issuance;940421;5212;950529;71064;36;1974;1;1516;OWNER;466017;38;female;950529;38;Louny;north Bohemia;85852;41;23;4;2;4;59.8;8965;104;7.655;2737.5;1;6991
162;854;monthly issuance;930921;5138;950530;87216;48;1817;1;1029;OWNER;545316;1;female;950530;1;Hl.m. Praha;Prague;1204953;0;0;0;1;1;100.0;12541;167;0.36;92392.0;1;10724
163;3629;monthly issuance;930727;5713;950530;158760;60;2646;1;4377;OWNER;780131;48;male;950530;48;Rychnov nad Kneznou;east Bohemia;78955;50;24;8;1;9;59.0;9060;124;2.11;1686.0;1;6414
164;8377;monthly issuance;931120;6704;950601;417060;60;6951;1;10350;OWNER;615914;29;female;950601;29;Rokycany;west Bohemia;45714;52;10;5;1;6;55.6;8843;113;3.21;853.0;2;1892
165;7190;monthly issuance;930906;6474;950606;63360;60;1056;1;8677;OWNER;550814;49;male;950606;49;Semily;east Bohemia;75685;31;28;5;1;9;60.8;8208;155;2.0749999999999997;1891.5;2;7152
166;8159;monthly issuance;950208;6676;950613;29784;24;1241;1;10076;OWNER;696225;26;female;950613;26;Plzen - mesto;west Bohemia;170449;0;0;0;1;1;100.0;10787;131;2.865;6151.0;2;9546
167;9656;monthly issuance;931114;6965;950613;139536;24;5814;1;11886;OWNER;415913;61;female;950613;61;Trebic;south Moravia;117897;139;28;5;1;6;53.8;8814;107;5.25;2085.5;1;3000
168;8489;monthly issuance;930918;6725;950623;265320;36;7370;1;10475;OWNER;485828;51;female;950623;51;Trutnov;east Bohemia;121947;37;28;7;3;11;70.5;8541;131;2.74;3667.5;2;1171
169;10630;monthly issuance;950115;7166;950624;198240;24;8260;1;13071;OWNER;560218;41;male;950624;41;Usti nad Labem;north Bohemia;118650;8;8;5;1;3;85.6;9832;114;3.9000000000000004;5958.0;1;1572
170;10440;monthly issuance;930913;7138;950703;60000;60;1000;1;12844;OWNER;461015;45;male;950703;45;Jicin;east Bohemia;77917;85;19;6;1;5;53.5;8390;132;2.585;2101.0;1;7390
171;4774;monthly issuance;940114;5970;950709;465072;48;9689;1;5760;OWNER;480508;66;male;950709;66;Zdar nad Sazavou;south Moravia;125832;151;41;2;3;5;48.3;8512;102;3.815;2175.0;2;-1177
172;5650;issuance after transaction;950108;6157;950710;98592;24;4108;1;6829;OWNER;636224;10;female;950710;10;Praha - vychod;central Bohemia;92084;55;29;4;3;5;46.7;10124;141;0.55;4063.0;1;6016
173;5632;weekly issuance;941115;6153;950725;285600;60;4760;1;6803;OWNER;806207;5;female;950725;5;Kolin;central Bohemia;95616;65;30;4;1;6;51.4;9307;118;4.14;2828.0;2;4547
174;3489;monthly issuance;941208;5693;950801;44088;24;1837;1;4217;OWNER;515625;9;female;950801;9;Nymburk;central Bohemia;81344;61;23;4;2;6;55.3;8899;149;3.68;2737.0;1;7062
175;4580;monthly issuance;940827;5922;950805;20220;12;1685;1;5521;OWNER;735515;9;female;950805;9;Nymburk;central Bohemia;81344;61;23;4;2;6;55.3;8899;149;3.68;2737.0;1;7214
176;4727;monthly issuance;950213;5959;950811;107640;24;4485;1;5701;OWNER;596122;2;female;950811;2;Benesov;central Bohemia;88884;80;26;6;2;5;46.7;8507;132;1.76;2416.5;1;4022
177;4825;monthly issuance;940604;5980;950818;21396;12;1783;1;5826;OWNER;680909;15;male;950818;15;Cesky Krumlov;south Bohemia;58796;22;16;7;1;5;51.9;9045;124;3.365;1862.0;2;7262
178;8776;monthly issuance;940824;6764;950826;33984;48;708;1;10818;OWNER;720804;64;male;950826;64;Zlin;south Moravia;197099;29;41;10;2;10;74.7;9624;145;1.955;4374.5;1;8916
179;1375;monthly issuance;940427;5237;950829;45336;24;1889;1;1663;OWNER;570429;19;male;950829;19;Prachatice;south Bohemia;51428;50;11;3;1;4;52.7;8402;120;3.5549999999999997;1049.0;1;6513
180;8492;monthly issuance;940629;6726;950903;85860;60;1431;1;10479;OWNER;556020;2;female;950903;2;Benesov;central Bohemia;88884;80;26;6;2;5;46.7;8507;132;1.76;2416.5;1;7076
181;9493;monthly issuance;950402;6933;950909;188688;48;3931;1;11685;OWNER;655723;64;female;950909;64;Zlin;south Moravia;197099;29;41;10;2;10;74.7;9624;145;1.955;4374.5;1;5693
182;915;monthly issuance;950118;5145;950916;309552;48;6449;1;1102;OWNER;350129;72;male;950916;72;Olomouc;north Moravia;226122;32;50;7;4;4;62.6;8994;110;4.295;9440.0;1;2545
183;9897;monthly issuance;950304;7008;950922;36168;12;3014;1;12181;OWNER;610819;1;male;950922;1;Hl.m. Praha;Prague;1204953;0;0;0;1;1;100.0;12541;167;0.36;92392.0;1;9527
184;10942;weekly issuance;940605;7227;951002;314520;60;5242;1;13451;OWNER;556118;44;female;951002;44;Chrudim;east Bohemia;105606;77;26;7;2;7;53.0;8254;97;3.275;2245.5;1;3012
185;7861;monthly issuance;950422;6600;951008;21852;36;607;1;9721;OWNER;541205;34;male;951008;34;Chomutov;north Bohemia;125236;28;11;1;4;5;87.7;9675;100;7.055;5256.5;1;9068
186;8405;monthly issuance;940510;6712;951014;266220;60;4437;1;10382;OWNER;655217;20;female;951014;20;Strakonice;south Bohemia;70646;94;14;3;1;4;58.4;8547;120;3.145;1552.5;1;4110
187;10093;weekly issuance;940701;7057;951020;231696;36;6436;1;12416;OWNER;730530;1;male;951020;1;Hl.m. Praha;Prague;1204953;0;0;0;1;1;100.0;12541;167;0.36;92392.0;2;6105
188;10663;monthly issuance;931208;7176;951028;260028;36;7223;1;13113;OWNER;761125;11;male;951028;11;Praha - zapad;central Bohemia;75637;35;36;9;0;7;36.5;9622;154;0.52;3502.0;1;2399
189;11349;weekly issuance;950526;7304;951029;419880;60;6998;1;13955;OWNER;456030;1;female;951029;1;Hl.m. Praha;Prague;1204953;0;0;0;1;1;100.0;12541;167;0.36;92392.0;2;5543
190;6738;monthly issuance;940728;6362;951031;37908;12;3159;1;8130;OWNER;765508;62;female;951031;62;Uherske Hradiste;south Moravia;145688;22;41;13;2;5;40.7;8544;109;1.5750000000000002;2812.5;1;5385
191;4423;monthly issuance;950426;5880;951031;73836;36;2051;1;5333;OWNER;675529;39;female;951031;39;Most;north Bohemia;119895;17;4;3;2;4;89.9;10446;90;8.370000000000001;4845.0;1;8395
192;7546;monthly issuance;940903;6535;951102;41952;12;3496;1;9346;OWNER;721210;43;male;951102;43;Hradec Kralove;east Bohemia;161854;73;21;6;1;6;76.3;9425;125;2.11;3988.0;1;5929
193;2343;monthly issuance;941209;5449;951104;99336;24;4139;1;2831;OWNER;805709;68;female;951104;68;Frydek - Mistek;north Moravia;228848;15;40;18;2;6;57.2;9893;96;4.404999999999999;5755.0;1;5754
194;6609;monthly issuance;950327;6342;951112;60156;36;1671;-1;7980;OWNER;760808;16;male;951112;16;Jindrichuv Hradec;south Bohemia;93931;74;21;10;1;8;56.9;8427;107;1.33;1893.5;1;6756
195;2218;monthly issuance;941121;5409;951118;182040;60;3034;1;2686;OWNER;515324;19;female;951118;19;Prachatice;south Bohemia;51428;50;11;3;1;4;52.7;8402;120;3.5549999999999997;1049.0;2;5368
196;9627;issuance after transaction;940722;6955;951122;244368;48;5091;1;11851;OWNER;700402;65;male;951122;65;Znojmo;south Moravia;114200;101;41;4;1;4;43.7;8403;105;5.73;2437.5;1;3312
197;9731;issuance after transaction;941201;6985;951122;113796;36;3161;1;11978;OWNER;711009;54;male;951122;54;Brno - mesto;south Moravia;387570;0;0;0;1;1;100.0;9897;140;1.78;18708.5;2;6736
198;789;monthly issuance;950206;5125;951123;73056;48;1522;1;944;OWNER;701218;39;male;951123;39;Most;north Bohemia;119895;17;4;3;2;4;89.9;10446;90;8.370000000000001;4845.0;2;8924
199;4081;monthly issuance;950722;5805;951128;137904;24;5746;-1;4918;OWNER;680506;11;male;951128;11;Praha - zapad;central Bohemia;75637;35;36;9;0;7;36.5;9622;154;0.52;3502.0;1;3876
200;5774;monthly issuance;950608;6185;951128;31176;24;1299;1;6987;OWNER;680129;1;male;951128;1;Hl.m. Praha;Prague;1204953;0;0;0;1;1;100.0;12541;167;0.36;92392.0;1;11242
201;11042;monthly issuance;950129;7243;951204;217152;36;6032;1;13576;OWNER;740707;72;male;951204;72;Olomouc;north Moravia;226122;32;50;7;4;4;62.6;8994;110;4.295;9440.0;1;2962
202;6924;monthly issuance;940601;6403;951205;194880;48;4060;1;8359;OWNER;791206;74;male;951205;74;Ostrava - mesto;north Moravia;323870;0;0;0;1;1;100.0;10673;100;5.095000000000001;18564.5;1;6613
203;7765;weekly issuance;940710;6578;951211;27984;12;2332;1;9606;OWNER;490216;52;male;951211;52;Usti nad Orlici;east Bohemia;139012;59;41;8;3;10;61.9;8363;108;3.005;2681.5;1;6031
204;2227;weekly issuance;940522;5413;951212;92976;24;3874;1;2698;OWNER;706007;31;female;951212;31;Tachov;west Bohemia;51313;34;12;3;1;4;59.2;8930;108;3.8600000000000003;1390.0;2;5056
205;9583;weekly issuance;940522;6949;951212;104712;24;4363;1;11794;OWNER;706007;31;female;951212;31;Tachov;west Bohemia;51313;34;12;3;1;4;59.2;8930;108;3.8600000000000003;1390.0;2;4567
206;7606;monthly issuance;950315;6545;951212;191880;60;3198;1;9417;OWNER;490308;21;male;951212;21;Tabor;south Bohemia;103347;87;16;7;1;7;67.0;9104;123;1.79;2326.5;1;5906
207;5742;issuance after transaction;950705;6178;951216;232560;48;4845;1;6946;OWNER;705129;74;female;951216;74;Ostrava - mesto;north Moravia;323870;0;0;0;1;1;100.0;10673;100;5.095000000000001;18564.5;1;5828
208;1011;monthly issuance;941217;5160;951218;204000;60;3400;1;1215;OWNER;440506;45;male;951218;45;Jicin;east Bohemia;77917;85;19;6;1;5;53.5;8390;132;2.585;2101.0;1;4990
209;8899;weekly issuance;940905;6785;951225;125340;60;2089;1;10963;OWNER;440615;1;male;951225;1;Hl.m. Praha;Prague;1204953;0;0;0;1;1;100.0;12541;167;0.36;92392.0;1;10452
210;7562;weekly issuance;950117;6540;951231;309600;48;6450;1;9366;OWNER;750626;72;male;951231;72;Olomouc;north Moravia;226122;32;50;7;4;4;62.6;8994;110;4.295;9440.0;1;2544
211;7815;weekly issuance;950409;6589;960101;189696;24;7904;1;9663;OWNER;450924;19;male;960101;19;Prachatice;south Bohemia;51428;50;11;3;1;4;52.7;8402;120;3.5549999999999997;1049.0;2;498
212;4503;monthly issuance;950103;5900;960101;135360;48;2820;1;5433;OWNER;750924;50;male;960101;50;Svitavy;east Bohemia;102609;75;33;2;3;6;52.0;8187;94;5.140000000000001;2128.5;1;5367
213;4907;monthly issuance;940206;5999;960103;98832;48;2059;1;5928;OWNER;705910;42;female;960103;42;Havlickuv Brod;east Bohemia;95907;87;25;5;2;7;59.1;8388;87;2.675;1663.0;1;6329
214;5126;monthly issuance;950403;6043;960111;20352;48;424;1;6185;OWNER;485305;58;female;960111;58;Jihlava;south Moravia;109164;98;16;6;1;4;63.6;8757;96;3.665;2341.5;2;8333
215;2496;monthly issuance;940521;5482;960112;165120;60;2752;1;3013;OWNER;505318;51;female;960112;51;Trutnov;east Bohemia;121947;37;28;7;3;11;70.5;8541;131;2.74;3667.5;2;5789
216;11138;weekly issuance;950818;7263;960119;89880;24;3745;1;13690;OWNER;630516;70;male;960119;70;Karvina;north Moravia;285387;0;2;8;5;7;89.9;10177;81;7.1899999999999995;9993.0;1;6432
217;4995;weekly issuance;940801;6013;960203;128988;36;3583;-1;6034;OWNER;390815;20;male;960203;20;Strakonice;south Bohemia;70646;94;14;3;1;4;58.4;8547;120;3.145;1552.5;1;4964
218;3804;monthly issuance;940407;5750;960208;63252;12;5271;1;4584;OWNER;495624;7;female;960208;7;Melnik;central Bohemia;94725;38;28;1;3;6;63.4;9920;130;2.565;4567.5;1;4649
219;5066;weekly issuance;950827;6027;960210;61656;24;2569;-1;6115;OWNER;536225;13;female;960210;13;Rakovnik;central Bohemia;53921;61;22;1;1;2;41.3;8598;123;3.0149999999999997;1736.0;1;6029
220;6400;issuance after transaction;951009;6303;960212;72408;24;3017;-1;7727;OWNER;585613;31;female;960212;31;Tachov;west Bohemia;51313;34;12;3;1;4;59.2;8930;108;3.8600000000000003;1390.0;1;5913
221;10884;monthly issuance;950220;7213;960213;113544;36;3154;1;13380;OWNER;420918;65;male;960213;65;Znojmo;south Moravia;114200;101;41;4;1;4;43.7;8403;105;5.73;2437.5;1;5249
222;8092;monthly issuance;950111;6659;960220;56100;60;935;1;9995;OWNER;580707;54;male;960220;54;Brno - mesto;south Moravia;387570;0;0;0;1;1;100.0;9897;140;1.78;18708.5;1;8962
223;5735;monthly issuance;950125;6175;960221;290700;60;4845;-1;6936;OWNER;595227;52;female;960221;52;Usti nad Orlici;east Bohemia;139012;59;41;8;3;10;61.9;8363;108;3.005;2681.5;1;3518
224;3112;monthly issuance;940812;5610;960224;123216;48;2567;1;3763;OWNER;775812;38;female;960224;38;Louny;north Bohemia;85852;41;23;4;2;4;59.8;8965;104;7.655;2737.5;2;6398
225;2912;monthly issuance;940730;5563;960229;380160;60;6336;1;3519;OWNER;491215;74;male;960229;74;Ostrava - mesto;north Moravia;323870;0;0;0;1;1;100.0;10673;100;5.095000000000001;18564.5;1;4337
226;4852;monthly issuance;950413;5989;960304;213300;36;5925;1;5860;OWNER;640422;47;male;960304;47;Pardubice;east Bohemia;162580;83;26;5;1;6;72.8;9538;111;1.6600000000000001;5744.5;1;3613
227;8327;weekly issuance;950808;6698;960310;247728;48;5161;1;10282;OWNER;790619;1;male;960310;1;Hl.m. Praha;Prague;1204953;0;0;0;1;1;100.0;12541;167;0.36;92392.0;1;7380
228;1772;weekly issuance;950220;5312;960313;202788;36;5633;1;2148;OWNER;535720;31;female;960313;31;Tachov;west Bohemia;51313;34;12;3;1;4;59.2;8930;108;3.8600000000000003;1390.0;1;3297
229;10728;monthly issuance;941223;7189;960321;154656;48;3222;1;13190;OWNER;561128;71;male;960321;71;Novy Jicin;north Moravia;161227;5;35;11;4;10;69.7;8678;102;5.75;4787.5;1;5456
230;9017;monthly issuance;951122;6816;960326;100224;48;2088;-1;11105;OWNER;575201;70;female;960326;70;Karvina;north Moravia;285387;0;2;8;5;7;89.9;10177;81;7.1899999999999995;9993.0;1;8089
231;5574;weekly issuance;940714;6137;960410;44628;12;3719;1;6731;OWNER;431126;13;male;960410;13;Rakovnik;central Bohemia;53921;61;22;1;1;2;41.3;8598;123;3.0149999999999997;1736.0;1;4879
232;808;monthly issuance;950613;5128;960411;215616;48;4492;-1;968;OWNER;570217;69;male;960411;69;Jesenik;north Moravia;42821;4;13;5;1;3;48.4;8173;124;7.01;1358.0;1;3681
233;2456;monthly issuance;950909;5470;960415;200976;48;4187;1;2966;OWNER;550220;65;male;960415;65;Znojmo;south Moravia;114200;101;41;4;1;4;43.7;8403;105;5.73;2437.5;1;4216
234;3037;monthly issuance;940526;5593;960418;277884;36;7719;-1;3670;OWNER;805917;44;female;960418;44;Chrudim;east Bohemia;105606;77;26;7;2;7;53.0;8254;97;3.275;2245.5;1;535
235;1967;weekly issuance;950213;5350;960421;249312;48;5194;1;2392;OWNER;550521;26;male;960421;26;Plzen - mesto;west Bohemia;170449;0;0;0;1;1;100.0;10787;131;2.865;6151.0;1;5593
236;5213;monthly issuance;950818;6063;960425;320976;48;6687;-1;6299;OWNER;360809;1;male;960425;1;Hl.m. Praha;Prague;1204953;0;0;0;1;1;100.0;12541;167;0.36;92392.0;1;5854
237;7418;monthly issuance;950407;6501;960429;30276;12;2523;-1;9196;OWNER;395423;21;female;960429;21;Tabor;south Bohemia;103347;87;16;7;1;7;67.0;9104;123;1.79;2326.5;1;6581
238;2352;monthly issuance;950121;5452;960429;49440;60;824;1;2843;OWNER;666006;70;female;960429;70;Karvina;north Moravia;285387;0;2;8;5;7;89.9;10177;81;7.1899999999999995;9993.0;1;9353
239;19;monthly issuance;950407;4961;960429;30276;12;2523;-1;25;OWNER;395423;21;female;960429;21;Tabor;south Bohemia;103347;87;16;7;1;7;67.0;9104;123;1.79;2326.5;1;6581
240;67;monthly issuance;941019;4973;960502;165960;24;6915;1;78;OWNER;445613;16;female;960502;16;Jindrichuv Hradec;south Bohemia;93931;74;21;10;1;8;56.9;8427;107;1.33;1893.5;1;1512
241;5794;monthly issuance;950714;6190;960506;123600;60;2060;1;7010;OWNER;670630;70;male;960506;70;Karvina;north Moravia;285387;0;2;8;5;7;89.9;10177;81;7.1899999999999995;9993.0;2;8117
242;8411;monthly issuance;941202;6715;960506;220620;60;3677;1;10389;OWNER;435815;20;female;960506;20;Strakonice;south Bohemia;70646;94;14;3;1;4;58.4;8547;120;3.145;1552.5;1;4870
243;4462;weekly issuance;951227;5892;960514;66480;24;2770;-1;5384;OWNER;350721;73;male;960514;73;Opava;north Moravia;182027;17;49;12;2;7;56.4;8746;90;3.535;4394.0;1;5976
244;7614;monthly issuance;950208;6550;960518;320592;48;6679;1;9427;OWNER;706109;62;female;960518;62;Uherske Hradiste;south Moravia;145688;22;41;13;2;5;40.7;8544;109;1.5750000000000002;2812.5;2;1865
245;3608;weekly issuance;940830;5706;960524;161496;36;4486;1;4352;OWNER;710724;72;male;960524;72;Olomouc;north Moravia;226122;32;50;7;4;4;62.6;8994;110;4.295;9440.0;1;4508
246;940;monthly issuance;941115;5148;960529;284280;60;4738;1;1133;OWNER;585915;37;female;960529;37;Litomerice;north Bohemia;114006;71;26;6;2;9;62.3;9065;123;4.925;4156.5;2;4327
247;8547;weekly issuance;950717;6734;960530;173016;36;4806;1;10543;OWNER;455223;14;female;960530;14;Ceske Budejovice;south Bohemia;177686;69;27;10;1;9;74.8;10045;135;1.565;6449.5;1;5239
248;5422;monthly issuance;941022;6109;960603;368880;60;6148;1;6544;OWNER;740804;66;male;960603;66;Zdar nad Sazavou;south Moravia;125832;151;41;2;3;5;48.3;8512;102;3.815;2175.0;2;2364
249;9645;monthly issuance;960123;6961;960606;176148;36;4893;1;11873;OWNER;636120;38;female;960606;38;Louny;north Bohemia;85852;41;23;4;2;4;59.8;8965;104;7.655;2737.5;1;4072
250;9006;weekly issuance;940902;6810;960608;186384;48;3883;1;11093;OWNER;590129;40;male;960608;40;Teplice;north Bohemia;128118;9;16;6;3;8;85.3;9317;97;6.78;6910.5;1;5434
251;2572;issuance after transaction;941113;5494;960613;360000;48;7500;1;3103;OWNER;735307;64;female;960613;64;Zlin;south Moravia;197099;29;41;10;2;10;74.7;9624;145;1.955;4374.5;1;2124
252;1766;monthly issuance;940903;5311;960615;30060;60;501;1;2141;OWNER;510906;28;male;960615;28;Plzen - sever;west Bohemia;72541;66;26;10;0;8;36.9;8594;112;1.815;1552.5;1;8093
253;2322;monthly issuance;950102;5445;960629;46320;24;1930;1;2809;OWNER;790214;33;male;960629;33;Decin;north Bohemia;133777;24;17;7;3;11;84.7;8705;116;6.68;4754.5;1;6775
254;1698;monthly issuance;960314;5301;960706;141948;36;3943;1;2063;OWNER;505926;68;female;960706;68;Frydek - Mistek;north Moravia;228848;15;40;18;2;6;57.2;9893;96;4.404999999999999;5755.0;1;5950
255;10001;monthly issuance;950528;7034;960711;19044;36;529;1;12303;OWNER;745405;24;female;960711;24;Karlovy Vary;west Bohemia;122603;25;21;6;2;8;80.0;8991;128;1.6999999999999997;5235.5;1;8462
256;8680;monthly issuance;960212;6751;960714;85716;36;2381;1;10702;OWNER;380503;17;male;960714;17;Pelhrimov;south Bohemia;74062;99;15;4;2;7;61.4;8114;119;2.5;1092.0;2;5733
257;8127;monthly issuance;941013;6667;960715;155880;24;6495;1;10040;OWNER;686030;37;female;960715;37;Litomerice;north Bohemia;114006;71;26;6;2;9;62.3;9065;123;4.925;4156.5;2;2570
258;5541;monthly issuance;950324;6130;960718;32640;48;680;1;6691;OWNER;421015;43;male;960718;43;Hradec Kralove;east Bohemia;161854;73;21;6;1;6;76.3;9425;125;2.11;3988.0;1;8745
259;2268;monthly issuance;950211;5429;960718;20196;36;561;1;2746;OWNER;710225;1;male;960718;1;Hl.m. Praha;Prague;1204953;0;0;0;1;1;100.0;12541;167;0.36;92392.0;1;11980
260;3679;monthly issuance;950815;5725;960723;444864;48;9268;1;4434;OWNER;640329;64;male;960723;64;Zlin;south Moravia;197099;29;41;10;2;10;74.7;9624;145;1.955;4374.5;2;356
261;5033;monthly issuance;950803;6019;960725;11400;12;950;1;6077;OWNER;805430;54;female;960725;54;Brno - mesto;south Moravia;387570;0;0;0;1;1;100.0;9897;140;1.78;18708.5;1;8947
262;6985;monthly issuance;950727;6421;960725;96768;36;2688;1;8432;OWNER;685106;38;female;960725;38;Louny;north Bohemia;85852;41;23;4;2;4;59.8;8965;104;7.655;2737.5;2;6277
263;9790;monthly issuance;951109;6992;960727;133968;48;2791;1;12050;OWNER;430530;52;male;960727;52;Usti nad Orlici;east Bohemia;139012;59;41;8;3;10;61.9;8363;108;3.005;2681.5;2;5572
264;846;monthly issuance;960309;5136;960728;187104;24;7796;1;1020;OWNER;775510;72;female;960728;72;Olomouc;north Moravia;226122;32;50;7;4;4;62.6;8994;110;4.295;9440.0;1;1198
265;1886;monthly issuance;960305;5337;960731;162468;36;4513;1;2288;OWNER;575823;32;female;960731;32;Ceska Lipa;north Bohemia;105058;32;19;7;2;10;81.0;9272;118;3.01;4422.5;2;4759
266;2580;monthly issuance;951109;5495;960802;89340;60;1489;1;3113;OWNER;716112;60;female;960802;60;Prostejov;south Moravia;110643;49;41;4;1;4;51.9;8441;115;3.9650000000000003;2065.5;2;6952
267;9928;monthly issuance;951109;7013;960802;89340;60;1489;1;12220;OWNER;716112;60;female;960802;60;Prostejov;south Moravia;110643;49;41;4;1;4;51.9;8441;115;3.9650000000000003;2065.5;2;6952
268;4994;weekly issuance;960111;6012;960803;258444;36;7179;1;6033;OWNER;660527;1;male;960803;1;Hl.m. Praha;Prague;1204953;0;0;0;1;1;100.0;12541;167;0.36;92392.0;1;5362
269;7184;monthly issuance;950619;6471;960804;155640;24;6485;1;8670;OWNER;435107;5;female;960804;5;Kolin;central Bohemia;95616;65;30;4;1;6;51.4;9307;118;4.14;2828.0;1;2822
270;6358;monthly issuance;950527;6296;960806;270384;48;5633;1;7678;OWNER;620407;3;male;960806;3;Beroun;central Bohemia;75232;55;26;4;1;5;41.7;8980;111;2.08;2818.5;1;3347
271;11359;monthly issuance;941001;7305;960806;54024;12;4502;1;13968;OWNER;680413;61;male;960806;61;Trebic;south Moravia;117897;139;28;5;1;6;53.8;8814;107;5.25;2085.5;1;4312
272;5593;monthly issuance;960227;6144;960809;44376;12;3698;1;6753;OWNER;620523;15;male;960809;15;Cesky Krumlov;south Bohemia;58796;22;16;7;1;5;51.9;9045;124;3.365;1862.0;1;5347
273;6289;monthly issuance;950405;6283;960811;85632;48;1784;1;7594;OWNER;495407;64;female;960811;64;Zlin;south Moravia;197099;29;41;10;2;10;74.7;9624;145;1.955;4374.5;1;7840
274;11054;weekly issuance;960201;7246;960820;148920;60;2482;1;13590;OWNER;770803;59;male;960820;59;Kromeriz;south Moravia;108871;41;29;7;2;6;62.1;8444;106;3.3550000000000004;2450.0;1;5962
275;544;monthly issuance;950515;5088;960822;91152;24;3798;1;655;OWNER;421210;32;male;960822;32;Ceska Lipa;north Bohemia;105058;32;19;7;2;10;81.0;9272;118;3.01;4422.5;1;5474
276;4851;monthly issuance;960204;5988;960822;141648;24;5902;1;5858;OWNER;520717;52;male;960822;52;Usti nad Orlici;east Bohemia;139012;59;41;8;3;10;61.9;8363;108;3.005;2681.5;2;2461
277;1583;issuance after transaction;941117;5282;960824;388512;48;8094;-1;1917;OWNER;695313;69;female;960824;69;Jesenik;north Moravia;42821;4;13;5;1;3;48.4;8173;124;7.01;1358.0;1;79
278;4650;monthly issuance;951015;5938;960825;402000;60;6700;1;5606;OWNER;800806;4;male;960825;4;Kladno;central Bohemia;149893;63;29;6;2;6;67.4;9753;109;4.845;5568.0;1;3053
279;3084;weekly issuance;960128;5606;960828;253512;36;7042;-1;3730;OWNER;455807;59;female;960828;59;Kromeriz;south Moravia;108871;41;29;7;2;6;62.1;8444;106;3.3550000000000004;2450.0;1;1402
280;2143;monthly issuance;960113;5385;960909;71460;36;1985;1;2592;OWNER;805831;1;female;960909;1;Hl.m. Praha;Prague;1204953;0;0;0;1;1;100.0;12541;167;0.36;92392.0;2;10556
281;9199;monthly issuance;960515;6865;960911;29448;12;2454;-1;11327;OWNER;471021;72;male;960911;72;Olomouc;north Moravia;226122;32;50;7;4;4;62.6;8994;110;4.295;9440.0;1;6540
282;2994;monthly issuance;960503;5586;960914;48744;36;1354;1;3616;OWNER;645414;77;female;960914;77;Vsetin;north Moravia;148545;8;35;12;3;4;53.5;8909;113;4.785;3525.0;1;7555
283;6397;monthly issuance;950315;6302;960916;181020;60;3017;1;7723;OWNER;665614;48;female;960916;48;Rychnov nad Kneznou;east Bohemia;78955;50;24;8;1;9;59.0;9060;124;2.11;1686.0;2;6043
284;10762;monthly issuance;951023;7194;960917;68832;36;1912;1;13231;OWNER;590701;1;male;960917;1;Hl.m. Praha;Prague;1204953;0;0;0;1;1;100.0;12541;167;0.36;92392.0;1;10629
285;7136;weekly issuance;950409;6461;960919;74124;36;2059;1;8615;OWNER;395413;12;female;960919;12;Pribram;central Bohemia;107870;84;29;6;1;6;58.0;8754;137;4.07;3836.0;1;6695
286;8533;monthly issuance;951010;6732;960919;174048;48;3626;1;10528;OWNER;525216;47;female;960919;47;Pardubice;east Bohemia;162580;83;26;5;1;6;72.8;9538;111;1.6600000000000001;5744.5;1;5912
287;7926;weekly issuance;960609;6613;960922;84120;24;3505;1;9798;OWNER;505302;69;female;960922;69;Jesenik;north Moravia;42821;4;13;5;1;3;48.4;8173;124;7.01;1358.0;1;4668
288;10019;monthly issuance;950615;7036;960925;194940;36;5415;1;12325;OWNER;641030;8;male;960925;8;Mlada Boleslav;central Bohemia;112065;95;19;7;1;8;69.4;11277;127;1.345;5083.0;1;5862
289;4476;monthly issuance;941110;5897;960925;15192;24;633;1;5399;OWNER;726227;24;female;960925;24;Karlovy Vary;west Bohemia;122603;25;21;6;2;8;80.0;8991;128;1.6999999999999997;5235.5;1;8358
290;9814;weekly issuance;950119;6995;960926;96168;12;8014;1;12079;OWNER;725812;64;female;960926;64;Zlin;south Moravia;197099;29;41;10;2;10;74.7;9624;145;1.955;4374.5;1;1610
291;2236;monthly issuance;950827;5415;960926;139464;36;3874;-1;2708;OWNER;580812;73;male;960926;73;Opava;north Moravia;182027;17;49;12;2;7;56.4;8746;90;3.535;4394.0;1;4872
292;10436;monthly issuance;960321;7136;960928;54396;36;1511;1;12840;OWNER;390727;60;male;960928;60;Prostejov;south Moravia;110643;49;41;4;1;4;51.9;8441;115;3.9650000000000003;2065.5;1;6930
293;11186;monthly issuance;941124;7271;961002;392460;60;6541;1;13750;OWNER;806113;12;female;961002;12;Pribram;central Bohemia;107870;84;29;6;1;6;58.0;8754;137;4.07;3836.0;2;2213
294;2106;monthly issuance;960201;5375;961003;101520;12;8460;1;2550;OWNER;766012;1;female;961003;1;Hl.m. Praha;Prague;1204953;0;0;0;1;1;100.0;12541;167;0.36;92392.0;1;4081
295;3230;monthly issuance;950311;5635;961004;77184;36;2144;1;3907;OWNER;546209;1;female;961004;1;Hl.m. Praha;Prague;1204953;0;0;0;1;1;100.0;12541;167;0.36;92392.0;1;10397
296;9024;monthly issuance;960105;6817;961004;70656;48;1472;1;11114;OWNER;520726;1;male;961004;1;Hl.m. Praha;Prague;1204953;0;0;0;1;1;100.0;12541;167;0.36;92392.0;1;11069
297;4585;monthly issuance;960608;5923;961010;64656;48;1347;1;5526;OWNER;470319;27;male;961010;27;Plzen - jih;west Bohemia;67298;71;19;10;0;7;43.8;8561;110;0.97;1078.0;2;7214
298;1862;weekly issuance;950415;5329;961016;396120;60;6602;1;2259;OWNER;505102;19;female;961016;19;Prachatice;south Bohemia;51428;50;11;3;1;4;52.7;8402;120;3.5549999999999997;1049.0;1;1800
299;8039;monthly issuance;951217;6644;961020;93600;24;3900;1;9930;OWNER;720623;9;male;961020;9;Nymburk;central Bohemia;81344;61;23;4;2;6;55.3;8899;149;3.68;2737.0;1;4999
300;6688;monthly issuance;960625;6354;961023;22968;36;638;1;8076;OWNER;505727;16;female;961023;16;Jindrichuv Hradec;south Bohemia;93931;74;21;10;1;8;56.9;8427;107;1.33;1893.5;1;7789
301;501;monthly issuance;951021;5082;961024;262980;60;4383;1;603;OWNER;665309;13;female;961024;13;Rakovnik;central Bohemia;53921;61;22;1;1;2;41.3;8598;123;3.0149999999999997;1736.0;1;4215
302;7795;monthly issuance;950105;6585;961029;372120;60;6202;1;9641;OWNER;450126;64;male;961029;64;Zlin;south Moravia;197099;29;41;10;2;10;74.7;9624;145;1.955;4374.5;2;3422
303;9422;monthly issuance;960306;6921;961029;86184;12;7182;1;11596;OWNER;406204;70;female;961029;70;Karvina;north Moravia;285387;0;2;8;5;7;89.9;10177;81;7.1899999999999995;9993.0;1;2995
304;2062;monthly issuance;960306;5366;961029;86184;12;7182;1;2501;OWNER;406204;70;female;961029;70;Karvina;north Moravia;285387;0;2;8;5;7;89.9;10177;81;7.1899999999999995;9993.0;1;2995
305;4447;monthly issuance;960616;5886;961031;192744;36;5354;1;5364;OWNER;640314;62;male;961031;62;Uherske Hradiste;south Moravia;145688;22;41;13;2;5;40.7;8544;109;1.5750000000000002;2812.5;2;3190
306;3754;weekly issuance;960219;5741;961103;68544;24;2856;1;4529;OWNER;760916;37;male;961103;37;Litomerice;north Bohemia;114006;71;26;6;2;9;62.3;9065;123;4.925;4156.5;2;6209
307;132;issuance after transaction;960511;4996;961106;88440;12;7370;1;158;OWNER;455703;40;female;961106;40;Teplice;north Bohemia;128118;9;16;6;3;8;85.3;9317;97;6.78;6910.5;2;1947
308;5001;monthly issuance;951215;6015;961109;110112;24;4588;1;6042;OWNER;631012;53;male;961109;53;Blansko;south Moravia;107911;88;33;6;2;7;50.9;8240;99;3.045;1876.5;1;3652
309;6434;monthly issuance;950508;6309;961111;110136;24;4589;1;7765;OWNER;585224;1;female;961111;1;Hl.m. Praha;Prague;1204953;0;0;0;1;1;100.0;12541;167;0.36;92392.0;1;7952
310;5263;monthly issuance;950714;6073;961112;276300;60;4605;1;6359;OWNER;760706;64;male;961112;64;Zlin;south Moravia;197099;29;41;10;2;10;74.7;9624;145;1.955;4374.5;1;5019
311;4948;monthly issuance;950729;6006;961115;359760;60;5996;1;5977;OWNER;790531;43;male;961115;43;Hradec Kralove;east Bohemia;161854;73;21;6;1;6;76.3;9425;125;2.11;3988.0;1;3429
312;3115;monthly issuance;960327;5611;961115;321180;60;5353;1;3767;OWNER;360907;14;male;961115;14;Ceske Budejovice;south Bohemia;177686;69;27;10;1;9;74.8;10045;135;1.565;6449.5;2;4692
313;9548;monthly issuance;960607;6944;961115;46176;48;962;1;11754;OWNER;661103;62;male;961115;62;Uherske Hradiste;south Moravia;145688;22;41;13;2;5;40.7;8544;109;1.5750000000000002;2812.5;1;7582
314;10297;monthly issuance;960119;7101;961118;421008;48;8771;1;12662;OWNER;530601;14;male;961118;14;Ceske Budejovice;south Bohemia;177686;69;27;10;1;9;74.8;10045;135;1.565;6449.5;1;1274
315;7859;monthly issuance;950314;6599;961119;72120;12;6010;1;9717;OWNER;526110;52;female;961119;52;Usti nad Orlici;east Bohemia;139012;59;41;8;3;10;61.9;8363;108;3.005;2681.5;2;2353
316;9510;monthly issuance;960609;6940;961122;228276;36;6341;1;11709;OWNER;610803;1;male;961122;1;Hl.m. Praha;Prague;1204953;0;0;0;1;1;100.0;12541;167;0.36;92392.0;2;6200
317;1250;monthly issuance;960328;5209;961125;182640;48;3805;1;1509;OWNER;425419;62;female;961125;62;Uherske Hradiste;south Moravia;145688;22;41;13;2;5;40.7;8544;109;1.5750000000000002;2812.5;1;4739
318;2153;weekly issuance;960107;5388;961128;61560;12;5130;1;2606;OWNER;430104;31;male;961128;31;Tachov;west Bohemia;51313;34;12;3;1;4;59.2;8930;108;3.8600000000000003;1390.0;1;3800
319;4981;monthly issuance;960122;6011;961128;179328;48;3736;1;6015;OWNER;731121;54;male;961128;54;Brno - mesto;south Moravia;387570;0;0;0;1;1;100.0;9897;140;1.78;18708.5;1;6161
320;3021;monthly issuance;960420;5591;961204;155616;48;3242;1;3649;OWNER;596025;10;female;961204;10;Praha - vychod;central Bohemia;92084;55;29;4;3;5;46.7;10124;141;0.55;4063.0;1;6882
321;10520;issuance after transaction;951024;7154;961205;417600;60;6960;1;12943;OWNER;701012;55;male;961205;55;Brno - venkov;south Moravia;157042;49;70;18;0;9;33.9;8743;111;2.1550000000000002;3776.5;1;1783
322;10411;issuance after transaction;951123;7130;961211;123408;24;5142;1;12810;OWNER;641014;39;male;961211;39;Most;north Bohemia;119895;17;4;3;2;4;89.9;10446;90;8.370000000000001;4845.0;1;5304
323;9030;monthly issuance;950121;6818;961212;155616;48;3242;1;11121;OWNER;715410;72;female;961212;72;Olomouc;north Moravia;226122;32;50;7;4;4;62.6;8994;110;4.295;9440.0;2;5752
324;3189;monthly issuance;951129;5625;961215;222180;60;3703;-1;3855;OWNER;390320;29;male;961215;29;Rokycany;west Bohemia;45714;52;10;5;1;6;55.6;8843;113;3.21;853.0;1;5140
325;8972;monthly issuance;960521;6805;961221;45024;48;938;1;11050;OWNER;575504;70;female;961221;70;Karvina;north Moravia;285387;0;2;8;5;7;89.9;10177;81;7.1899999999999995;9993.0;1;9239
326;10963;monthly issuance;950520;7233;961225;115812;36;3217;1;13480;OWNER;530601;16;male;961225;16;Jindrichuv Hradec;south Bohemia;93931;74;21;10;1;8;56.9;8427;107;1.33;1893.5;1;5210
327;11362;monthly issuance;951014;7308;961227;129408;24;5392;1;13971;OWNER;626019;67;female;961227;67;Bruntal;north Moravia;106054;38;25;6;2;6;63.1;8110;109;6.16;3161.5;1;2718
